Accession,Function_Annotation,log10p_value,Z_score
Q60813,Cell movement of sperm,10.73,2.523
Q8C0T9,Cell movement of sperm,10.73,2.523
Q60662,Cell movement of sperm,10.73,2.523
Q75UR0,Cell movement of sperm,10.73,2.523
Q9WV27,Cell movement of sperm,10.73,2.523
P00920,Cell movement of sperm,10.73,2.523
Q91ZR5,Cell movement of sperm,10.73,2.523
A2ARP9,Cell movement of sperm,10.73,2.523
Q80W99,Cell movement of sperm,10.73,2.523
Q8BVN3,Cell movement of sperm,10.73,2.523
E9Q9F6,Cell movement of sperm,10.73,2.523
P58019,Cell movement of sperm,10.73,2.523
Q0VFX2,Cell movement of sperm,10.73,2.523
E9Q5M6,Cell movement of sperm,10.73,2.523
Q3V0B4,Cell movement of sperm,10.73,2.523
Q9D5U8,Cell movement of sperm,10.73,2.523
O54833,Cell movement of sperm,10.73,2.523
A2A432,Cell movement of sperm,10.73,2.523
E9Q8T7,Cell movement of sperm,10.73,2.523
P63037,Cell movement of sperm,10.73,2.523
Q9DAM2,Cell movement of sperm,10.73,2.523
Q8C042,Cell movement of sperm,10.73,2.523
P30416,Cell movement of sperm,10.73,2.523
Q07133,Cell movement of sperm,10.73,2.523
P54310,Cell movement of sperm,10.73,2.523
Q9CWP4,Cell movement of sperm,10.73,2.523
Q715T0,Cell movement of sperm,10.73,2.523
P09041,Cell movement of sperm,10.73,2.523
Q60963,Cell movement of sperm,10.73,2.523
P05132,Cell movement of sperm,10.73,2.523
P60154,Cell movement of sperm,10.73,2.523
Q9EQ00,Cell movement of sperm,10.73,2.523
Q8C0X2,Cell movement of sperm,10.73,2.523
Q6UJY2,Cell movement of sperm,10.73,2.523
P15265,Cell movement of sperm,10.73,2.523
Q64442,Cell movement of sperm,10.73,2.523
Q8K450,Cell movement of sperm,10.73,2.523
Q9JLI7,Cell movement of sperm,10.73,2.523
Q9WTK7,Cell movement of sperm,10.73,2.523
Q922G7,Cell movement of sperm,10.73,2.523
Q9D411,Cell movement of sperm,10.73,2.523
O88623,Cell movement of sperm,10.73,2.523
Q5H8C4,Cell movement of sperm,10.73,2.523
Q60813,Cell movement of germ cells,9.58,2.214
Q8C0T9,Cell movement of germ cells,9.58,2.214
Q60662,Cell movement of germ cells,9.58,2.214
Q75UR0,Cell movement of germ cells,9.58,2.214
Q9WV27,Cell movement of germ cells,9.58,2.214
P00920,Cell movement of germ cells,9.58,2.214
Q91ZR5,Cell movement of germ cells,9.58,2.214
A2ARP9,Cell movement of germ cells,9.58,2.214
Q80W99,Cell movement of germ cells,9.58,2.214
Q8BVN3,Cell movement of germ cells,9.58,2.214
E9Q9F6,Cell movement of germ cells,9.58,2.214
P58019,Cell movement of germ cells,9.58,2.214
Q0VFX2,Cell movement of germ cells,9.58,2.214
E9Q5M6,Cell movement of germ cells,9.58,2.214
Q3V0B4,Cell movement of germ cells,9.58,2.214
Q9D5U8,Cell movement of germ cells,9.58,2.214
O54833,Cell movement of germ cells,9.58,2.214
A2A432,Cell movement of germ cells,9.58,2.214
E9Q8T7,Cell movement of germ cells,9.58,2.214
P63037,Cell movement of germ cells,9.58,2.214
Q9DAM2,Cell movement of germ cells,9.58,2.214
Q8C042,Cell movement of germ cells,9.58,2.214
P30416,Cell movement of germ cells,9.58,2.214
Q07133,Cell movement of germ cells,9.58,2.214
P09055,Cell movement of germ cells,9.58,2.214
P54310,Cell movement of germ cells,9.58,2.214
Q9CWP4,Cell movement of germ cells,9.58,2.214
Q715T0,Cell movement of germ cells,9.58,2.214
P09041,Cell movement of germ cells,9.58,2.214
Q60963,Cell movement of germ cells,9.58,2.214
P05132,Cell movement of germ cells,9.58,2.214
P60154,Cell movement of germ cells,9.58,2.214
Q9EQ00,Cell movement of germ cells,9.58,2.214
Q8C0X2,Cell movement of germ cells,9.58,2.214
Q6UJY2,Cell movement of germ cells,9.58,2.214
P15265,Cell movement of germ cells,9.58,2.214
Q64442,Cell movement of germ cells,9.58,2.214
Q8K450,Cell movement of germ cells,9.58,2.214
Q9JLI7,Cell movement of germ cells,9.58,2.214
Q9WTK7,Cell movement of germ cells,9.58,2.214
Q922G7,Cell movement of germ cells,9.58,2.214
Q9D411,Cell movement of germ cells,9.58,2.214
O88623,Cell movement of germ cells,9.58,2.214
Q5H8C4,Cell movement of germ cells,9.58,2.214
P09470,Function of sperm,8.53,
Q60662,Function of sperm,8.53,
O54794,Function of sperm,8.53,
Q9WV27,Function of sperm,8.53,
Q91ZR5,Function of sperm,8.53,
A2ARP9,Function of sperm,8.53,
Q80W99,Function of sperm,8.53,
Q8BVN3,Function of sperm,8.53,
P26361,Function of sperm,8.53,
Q03401,Function of sperm,8.53,
Q9CWP4,Function of sperm,8.53,
Q715T0,Function of sperm,8.53,
Q9DAN1,Function of sperm,8.53,
Q3UUQ7,Function of sperm,8.53,
P63087-2,Function of sperm,8.53,
Q9JHJ7,Function of sperm,8.53,
Q9DAA4,Function of sperm,8.53,
Q8VIG3,Function of sperm,8.53,
P28661,Function of sperm,8.53,
P48794,Function of sperm,8.53,
Q9D5A0,Function of sperm,8.53,
Q93092,Function of sperm,8.53,
P23578,Asthenozoospermia,8.09,-2.646
Q8C0T9,Asthenozoospermia,8.09,-2.646
Q9WV27,Asthenozoospermia,8.09,-2.646
Q8R5M8,Asthenozoospermia,8.09,-2.646
Q91ZR5,Asthenozoospermia,8.09,-2.646
A2ARP9,Asthenozoospermia,8.09,-2.646
Q80W99,Asthenozoospermia,8.09,-2.646
Q8BVN3,Asthenozoospermia,8.09,-2.646
P58019,Asthenozoospermia,8.09,-2.646
Q04735,Asthenozoospermia,8.09,-2.646
P26361,Asthenozoospermia,8.09,-2.646
Q3TCH7,Asthenozoospermia,8.09,-2.646
E9Q8T7,Asthenozoospermia,8.09,-2.646
P63037,Asthenozoospermia,8.09,-2.646
Q9WTX7,Asthenozoospermia,8.09,-2.646
P30416,Asthenozoospermia,8.09,-2.646
Q07133,Asthenozoospermia,8.09,-2.646
P43275,Asthenozoospermia,8.09,-2.646
Q61316,Asthenozoospermia,8.09,-2.646
P48722,Asthenozoospermia,8.09,-2.646
P54310,Asthenozoospermia,8.09,-2.646
Q715T0,Asthenozoospermia,8.09,-2.646
Q61999,Asthenozoospermia,8.09,-2.646
Q5QNQ6,Asthenozoospermia,8.09,-2.646
P09041,Asthenozoospermia,8.09,-2.646
P05132,Asthenozoospermia,8.09,-2.646
Q9JHJ7,Asthenozoospermia,8.09,-2.646
Q5SSW2,Asthenozoospermia,8.09,-2.646
P28661,Asthenozoospermia,8.09,-2.646
Q6UJY2,Asthenozoospermia,8.09,-2.646
P15265,Asthenozoospermia,8.09,-2.646
Q8K450,Asthenozoospermia,8.09,-2.646
Q924X7,Asthenozoospermia,8.09,-2.646
Q93092,Asthenozoospermia,8.09,-2.646
P11985,Asthenozoospermia,8.09,-2.646
Q5H8C4,Asthenozoospermia,8.09,-2.646
P58742,Fertilization,7.66,1.976
P09470,Fertilization,7.66,1.976
P23578,Fertilization,7.66,1.976
Q3V140,Fertilization,7.66,1.976
Q60813,Fertilization,7.66,1.976
Q8C0T9,Fertilization,7.66,1.976
Q99PT1,Fertilization,7.66,1.976
P50428,Fertilization,7.66,1.976
Q9WV27,Fertilization,7.66,1.976
Q6UQ17,Fertilization,7.66,1.976
Q91ZR5,Fertilization,7.66,1.976
A2ARP9,Fertilization,7.66,1.976
Q3TVA9,Fertilization,7.66,1.976
P40240,Fertilization,7.66,1.976
P26361,Fertilization,7.66,1.976
P52194,Fertilization,7.66,1.976
Q9QZL9,Fertilization,7.66,1.976
Q9D9V2,Fertilization,7.66,1.976
P30416,Fertilization,7.66,1.976
Q07133,Fertilization,7.66,1.976
P43275,Fertilization,7.66,1.976
P20060,Fertilization,7.66,1.976
Q9D5V2,Fertilization,7.66,1.976
Q9D925,Fertilization,7.66,1.976
Q9JLI3,Fertilization,7.66,1.976
Q6PFD9,Fertilization,7.66,1.976
Q5QNQ6,Fertilization,7.66,1.976
P29121,Fertilization,7.66,1.976
Q60963,Fertilization,7.66,1.976
P05132,Fertilization,7.66,1.976
Q9JHJ7,Fertilization,7.66,1.976
Q9DAA4,Fertilization,7.66,1.976
Q05769,Fertilization,7.66,1.976
Q3V0F0,Fertilization,7.66,1.976
Q9D5A9,Fertilization,7.66,1.976
Q6NZC7,Fertilization,7.66,1.976
P10852,Fertilization,7.66,1.976
P15265,Fertilization,7.66,1.976
Q9D0T1,Fertilization,7.66,1.976
Q812F3,Fertilization,7.66,1.976
P48794,Fertilization,7.66,1.976
Q9D5A0,Fertilization,7.66,1.976
Q93092,Fertilization,7.66,1.976
Q9D411,Fertilization,7.66,1.976
O88623,Fertilization,7.66,1.976
Q8C0T9,Capacitation of sperm,6.87,2.828
Q9WV27,Capacitation of sperm,6.87,2.828
A2ARP9,Capacitation of sperm,6.87,2.828
Q80W99,Capacitation of sperm,6.87,2.828
Q8BVN3,Capacitation of sperm,6.87,2.828
A2RTF1,Capacitation of sperm,6.87,2.828
E9Q9F6,Capacitation of sperm,6.87,2.828
P26361,Capacitation of sperm,6.87,2.828
Q9DAM2,Capacitation of sperm,6.87,2.828
P29121,Capacitation of sperm,6.87,2.828
P70296,Capacitation of sperm,6.87,2.828
P05132,Capacitation of sperm,6.87,2.828
Q9D5A9,Capacitation of sperm,6.87,2.828
P60154,Capacitation of sperm,6.87,2.828
Q9EQ00,Capacitation of sperm,6.87,2.828
P28661,Capacitation of sperm,6.87,2.828
P23578,Morphology of sperm,6.59,
Q60662,Morphology of sperm,6.59,
Q8R5M8,Morphology of sperm,6.59,
P08414,Morphology of sperm,6.59,
P58019,Morphology of sperm,6.59,
Q04735,Morphology of sperm,6.59,
P41209,Morphology of sperm,6.59,
Q0VFX2,Morphology of sperm,6.59,
O54833,Morphology of sperm,6.59,
Q3TCH7,Morphology of sperm,6.59,
Q9WTX7,Morphology of sperm,6.59,
Q07133,Morphology of sperm,6.59,
P54310,Morphology of sperm,6.59,
Q91VH6,Morphology of sperm,6.59,
Q80WJ7,Morphology of sperm,6.59,
Q5QNQ6,Morphology of sperm,6.59,
P63087-2,Morphology of sperm,6.59,
Q9JHJ7,Morphology of sperm,6.59,
Q3V0F0,Morphology of sperm,6.59,
P28661,Morphology of sperm,6.59,
P15265,Morphology of sperm,6.59,
Q9JLI7,Morphology of sperm,6.59,
Q9D9W0,Morphology of sperm,6.59,
Q9WTK7,Morphology of sperm,6.59,
P11985,Morphology of sperm,6.59,
P09470,Function of gonad,6.24,
Q60662,Function of gonad,6.24,
O54794,Function of gonad,6.24,
Q9WV27,Function of gonad,6.24,
Q91ZR5,Function of gonad,6.24,
A2ARP9,Function of gonad,6.24,
Q80W99,Function of gonad,6.24,
Q8BVN3,Function of gonad,6.24,
P26361,Function of gonad,6.24,
Q03401,Function of gonad,6.24,
Q02248,Function of gonad,6.24,
Q9Z0R9,Function of gonad,6.24,
Q9CWP4,Function of gonad,6.24,
Q715T0,Function of gonad,6.24,
Q9DAN1,Function of gonad,6.24,
Q3UUQ7,Function of gonad,6.24,
P63087-2,Function of gonad,6.24,
Q9JHJ7,Function of gonad,6.24,
Q9DAA4,Function of gonad,6.24,
Q8VIG3,Function of gonad,6.24,
P28661,Function of gonad,6.24,
P48794,Function of gonad,6.24,
Q9D5A0,Function of gonad,6.24,
Q93092,Function of gonad,6.24,
Q9R0H0,Morphology of male germ cells,6.2,
P23578,Morphology of male germ cells,6.2,
Q60662,Morphology of male germ cells,6.2,
Q8R5M8,Morphology of male germ cells,6.2,
P08414,Morphology of male germ cells,6.2,
P58019,Morphology of male germ cells,6.2,
Q04735,Morphology of male germ cells,6.2,
P41209,Morphology of male germ cells,6.2,
Q0VFX2,Morphology of male germ cells,6.2,
O54833,Morphology of male germ cells,6.2,
Q3TCH7,Morphology of male germ cells,6.2,
P63037,Morphology of male germ cells,6.2,
Q9WVK4,Morphology of male germ cells,6.2,
Q9Z0R9,Morphology of male germ cells,6.2,
Q9WTX7,Morphology of male germ cells,6.2,
Q07133,Morphology of male germ cells,6.2,
Q9Z0R0,Morphology of male germ cells,6.2,
P51660,Morphology of male germ cells,6.2,
Q61316,Morphology of male germ cells,6.2,
Q99P31,Morphology of male germ cells,6.2,
P42859,Morphology of male germ cells,6.2,
Q6PD10,Morphology of male germ cells,6.2,
P54310,Morphology of male germ cells,6.2,
Q91VH6,Morphology of male germ cells,6.2,
Q61884,Morphology of male germ cells,6.2,
Q80WJ7,Morphology of male germ cells,6.2,
Q99MH5,Morphology of male germ cells,6.2,
Q5QNQ6,Morphology of male germ cells,6.2,
O35386,Morphology of male germ cells,6.2,
Q9JMB7,Morphology of male germ cells,6.2,
P63087-2,Morphology of male germ cells,6.2,
Q9JHJ7,Morphology of male germ cells,6.2,
Q5SSW2,Morphology of male germ cells,6.2,
Q3V0F0,Morphology of male germ cells,6.2,
Q8VIG3,Morphology of male germ cells,6.2,
Q6NZC7,Morphology of male germ cells,6.2,
P28661,Morphology of male germ cells,6.2,
P15265,Morphology of male germ cells,6.2,
Q9JLI7,Morphology of male germ cells,6.2,
Q9D9W0,Morphology of male germ cells,6.2,
Q9WTK7,Morphology of male germ cells,6.2,
Q9D666,Morphology of male germ cells,6.2,
Q8R1G1,Morphology of male germ cells,6.2,
P11985,Morphology of male germ cells,6.2,
O88623,Morphology of male germ cells,6.2,
P58742,Binding of germ cells,6.16,-0.529
P09470,Binding of germ cells,6.16,-0.529
P23578,Binding of germ cells,6.16,-0.529
Q3V140,Binding of germ cells,6.16,-0.529
Q60813,Binding of germ cells,6.16,-0.529
P50428,Binding of germ cells,6.16,-0.529
Q9WV27,Binding of germ cells,6.16,-0.529
Q6UQ17,Binding of germ cells,6.16,-0.529
Q91ZR5,Binding of germ cells,6.16,-0.529
A2ARP9,Binding of germ cells,6.16,-0.529
P80315,Binding of germ cells,6.16,-0.529
P40240,Binding of germ cells,6.16,-0.529
P52194,Binding of germ cells,6.16,-0.529
Q9DAG6,Binding of germ cells,6.16,-0.529
Q07133,Binding of germ cells,6.16,-0.529
P09055,Binding of germ cells,6.16,-0.529
Q9D5V2,Binding of germ cells,6.16,-0.529
Q9CWP4,Binding of germ cells,6.16,-0.529
Q9D925,Binding of germ cells,6.16,-0.529
P27046,Binding of germ cells,6.16,-0.529
P21956,Binding of germ cells,6.16,-0.529
Q9JLI3,Binding of germ cells,6.16,-0.529
P29121,Binding of germ cells,6.16,-0.529
Q60963,Binding of germ cells,6.16,-0.529
Q9DAA4,Binding of germ cells,6.16,-0.529
Q3V0F0,Binding of germ cells,6.16,-0.529
Q9D5A9,Binding of germ cells,6.16,-0.529
P10852,Binding of germ cells,6.16,-0.529
P15265,Binding of germ cells,6.16,-0.529
Q9D0T1,Binding of germ cells,6.16,-0.529
Q9D5A0,Binding of germ cells,6.16,-0.529
Q9D411,Binding of germ cells,6.16,-0.529
P09470,Binding of male germ cells,6.1,-0.943
P23578,Binding of male germ cells,6.1,-0.943
Q60813,Binding of male germ cells,6.1,-0.943
P50428,Binding of male germ cells,6.1,-0.943
Q9WV27,Binding of male germ cells,6.1,-0.943
Q6UQ17,Binding of male germ cells,6.1,-0.943
P80315,Binding of male germ cells,6.1,-0.943
P40240,Binding of male germ cells,6.1,-0.943
P52194,Binding of male germ cells,6.1,-0.943
Q9DAG6,Binding of male germ cells,6.1,-0.943
Q07133,Binding of male germ cells,6.1,-0.943
Q9CWP4,Binding of male germ cells,6.1,-0.943
P27046,Binding of male germ cells,6.1,-0.943
P21956,Binding of male germ cells,6.1,-0.943
P29121,Binding of male germ cells,6.1,-0.943
Q60963,Binding of male germ cells,6.1,-0.943
Q9DAA4,Binding of male germ cells,6.1,-0.943
Q9D5A9,Binding of male germ cells,6.1,-0.943
P15265,Binding of male germ cells,6.1,-0.943
Q9D0T1,Binding of male germ cells,6.1,-0.943
P23578,Abnormal morphology of sperm,6.01,
Q60662,Abnormal morphology of sperm,6.01,
Q8R5M8,Abnormal morphology of sperm,6.01,
P08414,Abnormal morphology of sperm,6.01,
P58019,Abnormal morphology of sperm,6.01,
Q04735,Abnormal morphology of sperm,6.01,
P41209,Abnormal morphology of sperm,6.01,
Q0VFX2,Abnormal morphology of sperm,6.01,
O54833,Abnormal morphology of sperm,6.01,
Q3TCH7,Abnormal morphology of sperm,6.01,
Q9WTX7,Abnormal morphology of sperm,6.01,
Q07133,Abnormal morphology of sperm,6.01,
Q91VH6,Abnormal morphology of sperm,6.01,
Q80WJ7,Abnormal morphology of sperm,6.01,
Q5QNQ6,Abnormal morphology of sperm,6.01,
P63087-2,Abnormal morphology of sperm,6.01,
Q9JHJ7,Abnormal morphology of sperm,6.01,
Q3V0F0,Abnormal morphology of sperm,6.01,
P28661,Abnormal morphology of sperm,6.01,
P15265,Abnormal morphology of sperm,6.01,
P11985,Abnormal morphology of sperm,6.01,
P09470,Spermatogenesis,6,1.106
Q9R0H0,Spermatogenesis,6,1.106
Q3V140,Spermatogenesis,6,1.106
O35083,Spermatogenesis,6,1.106
Q9D2H2,Spermatogenesis,6,1.106
Q8K4E0,Spermatogenesis,6,1.106
Q99PT1,Spermatogenesis,6,1.106
P50428,Spermatogenesis,6,1.106
Q9WV27,Spermatogenesis,6,1.106
Q8R5M8,Spermatogenesis,6,1.106
P08414,Spermatogenesis,6,1.106
Q91ZR5,Spermatogenesis,6,1.106
E9Q9F6,Spermatogenesis,6,1.106
Q3TVA9,Spermatogenesis,6,1.106
Q5SV66,Spermatogenesis,6,1.106
Q8CDV6,Spermatogenesis,6,1.106
Q04735,Spermatogenesis,6,1.106
P41209,Spermatogenesis,6,1.106
Q8C6S9-2,Spermatogenesis,6,1.106
Q9D5U8,Spermatogenesis,6,1.106
Q3TCH7,Spermatogenesis,6,1.106
P16381,Spermatogenesis,6,1.106
Q9JII5,Spermatogenesis,6,1.106
Q61496,Spermatogenesis,6,1.106
P63037,Spermatogenesis,6,1.106
Q9DAM2,Spermatogenesis,6,1.106
Q9WVK4,Spermatogenesis,6,1.106
Q80XI3,Spermatogenesis,6,1.106
P70372,Spermatogenesis,6,1.106
Q9Z0R9,Spermatogenesis,6,1.106
Q60928,Spermatogenesis,6,1.106
Q07133,Spermatogenesis,6,1.106
P43275,Spermatogenesis,6,1.106
Q4U2R1,Spermatogenesis,6,1.106
Q8BIL5,Spermatogenesis,6,1.106
P51660,Spermatogenesis,6,1.106
P17156,Spermatogenesis,6,1.106
Q61316,Spermatogenesis,6,1.106
P48722,Spermatogenesis,6,1.106
Q9D6H2,Spermatogenesis,6,1.106
Q99P31,Spermatogenesis,6,1.106
P42859,Spermatogenesis,6,1.106
Q3TY65,Spermatogenesis,6,1.106
Q61025,Spermatogenesis,6,1.106
Q8BPT6,Spermatogenesis,6,1.106
Q6PD10,Spermatogenesis,6,1.106
Q80W32,Spermatogenesis,6,1.106
Q9D5V2,Spermatogenesis,6,1.106
P11438,Spermatogenesis,6,1.106
P54310,Spermatogenesis,6,1.106
Q9D5S7,Spermatogenesis,6,1.106
Q61884,Spermatogenesis,6,1.106
Q8VCB1,Spermatogenesis,6,1.106
Q99MH5,Spermatogenesis,6,1.106
Q11011,Spermatogenesis,6,1.106
Q9D2F7,Spermatogenesis,6,1.106
Q5QNQ6,Spermatogenesis,6,1.106
Q9DAK2,Spermatogenesis,6,1.106
Q9DAN1,Spermatogenesis,6,1.106
Q9JMB7,Spermatogenesis,6,1.106
P63087-2,Spermatogenesis,6,1.106
O08807,Spermatogenesis,6,1.106
Q9JHJ7,Spermatogenesis,6,1.106
Q9DAA4,Spermatogenesis,6,1.106
Q8VIF2,Spermatogenesis,6,1.106
Q5SSW2,Spermatogenesis,6,1.106
P54728,Spermatogenesis,6,1.106
P34022,Spermatogenesis,6,1.106
Q3V0F0,Spermatogenesis,6,1.106
Q8VIG3,Spermatogenesis,6,1.106
D3YXK2,Spermatogenesis,6,1.106
Q6NZC7,Spermatogenesis,6,1.106
P28661,Spermatogenesis,6,1.106
Q8R0X7,Spermatogenesis,6,1.106
Q3TTP0,Spermatogenesis,6,1.106
Q9JJY3,Spermatogenesis,6,1.106
P08228,Spermatogenesis,6,1.106
Q8K450,Spermatogenesis,6,1.106
Q3U6K5,Spermatogenesis,6,1.106
Q9D9W0,Spermatogenesis,6,1.106
Q8C9J3-4,Spermatogenesis,6,1.106
Q9WTK7,Spermatogenesis,6,1.106
Q00262,Spermatogenesis,6,1.106
Q9DA32,Spermatogenesis,6,1.106
Q8R1G1,Spermatogenesis,6,1.106
Q9D9I4,Spermatogenesis,6,1.106
P11985,Spermatogenesis,6,1.106
P61407,Spermatogenesis,6,1.106
Q9JMB1,Spermatogenesis,6,1.106
Q61241,Spermatogenesis,6,1.106
Q9D411,Spermatogenesis,6,1.106
P31254,Spermatogenesis,6,1.106
Q9Z2C8,Spermatogenesis,6,1.106
P09470,Gametogenesis,5.92,1.536
Q9R0H0,Gametogenesis,5.92,1.536
Q3V140,Gametogenesis,5.92,1.536
O35083,Gametogenesis,5.92,1.536
Q9D2H2,Gametogenesis,5.92,1.536
Q8K4E0,Gametogenesis,5.92,1.536
Q99PT1,Gametogenesis,5.92,1.536
P50428,Gametogenesis,5.92,1.536
Q9WV27,Gametogenesis,5.92,1.536
Q8R5M8,Gametogenesis,5.92,1.536
P08414,Gametogenesis,5.92,1.536
Q91ZR5,Gametogenesis,5.92,1.536
E9Q9F6,Gametogenesis,5.92,1.536
Q3TVA9,Gametogenesis,5.92,1.536
Q5SV66,Gametogenesis,5.92,1.536
Q8CDV6,Gametogenesis,5.92,1.536
Q04735,Gametogenesis,5.92,1.536
P41209,Gametogenesis,5.92,1.536
Q8C6S9-2,Gametogenesis,5.92,1.536
Q9D5U8,Gametogenesis,5.92,1.536
Q5SU73,Gametogenesis,5.92,1.536
O54833,Gametogenesis,5.92,1.536
Q02248,Gametogenesis,5.92,1.536
Q3TCH7,Gametogenesis,5.92,1.536
P16381,Gametogenesis,5.92,1.536
Q9JII5,Gametogenesis,5.92,1.536
Q61496,Gametogenesis,5.92,1.536
P63037,Gametogenesis,5.92,1.536
Q9DAM2,Gametogenesis,5.92,1.536
Q9WVK4,Gametogenesis,5.92,1.536
Q80XI3,Gametogenesis,5.92,1.536
P70372,Gametogenesis,5.92,1.536
Q9D9V2,Gametogenesis,5.92,1.536
Q9Z0R9,Gametogenesis,5.92,1.536
Q9WTX7,Gametogenesis,5.92,1.536
Q60928,Gametogenesis,5.92,1.536
Q07133,Gametogenesis,5.92,1.536
P43275,Gametogenesis,5.92,1.536
Q4U2R1,Gametogenesis,5.92,1.536
P20060,Gametogenesis,5.92,1.536
Q8BIL5,Gametogenesis,5.92,1.536
P51660,Gametogenesis,5.92,1.536
P17156,Gametogenesis,5.92,1.536
Q61316,Gametogenesis,5.92,1.536
P48722,Gametogenesis,5.92,1.536
Q9D6H2,Gametogenesis,5.92,1.536
Q99P31,Gametogenesis,5.92,1.536
P42859,Gametogenesis,5.92,1.536
Q3TY65,Gametogenesis,5.92,1.536
Q61025,Gametogenesis,5.92,1.536
Q8BPT6,Gametogenesis,5.92,1.536
Q6PD10,Gametogenesis,5.92,1.536
Q80W32,Gametogenesis,5.92,1.536
Q9D5V2,Gametogenesis,5.92,1.536
P11438,Gametogenesis,5.92,1.536
P54310,Gametogenesis,5.92,1.536
Q9D5S7,Gametogenesis,5.92,1.536
P12025,Gametogenesis,5.92,1.536
Q9JLI3,Gametogenesis,5.92,1.536
Q61884,Gametogenesis,5.92,1.536
Q8VCB1,Gametogenesis,5.92,1.536
Q99MH5,Gametogenesis,5.92,1.536
Q11011,Gametogenesis,5.92,1.536
Q9D2F7,Gametogenesis,5.92,1.536
Q5QNQ6,Gametogenesis,5.92,1.536
Q9DAK2,Gametogenesis,5.92,1.536
P29121,Gametogenesis,5.92,1.536
Q9DAN1,Gametogenesis,5.92,1.536
Q9Z2A0,Gametogenesis,5.92,1.536
Q9JMB7,Gametogenesis,5.92,1.536
P63087-2,Gametogenesis,5.92,1.536
O08807,Gametogenesis,5.92,1.536
Q9JHJ7,Gametogenesis,5.92,1.536
Q9DAA4,Gametogenesis,5.92,1.536
Q8VIF2,Gametogenesis,5.92,1.536
Q5SSW2,Gametogenesis,5.92,1.536
P54728,Gametogenesis,5.92,1.536
P34022,Gametogenesis,5.92,1.536
Q3V0F0,Gametogenesis,5.92,1.536
P62754,Gametogenesis,5.92,1.536
Q8VIG3,Gametogenesis,5.92,1.536
D3YXK2,Gametogenesis,5.92,1.536
Q6NZC7,Gametogenesis,5.92,1.536
P28661,Gametogenesis,5.92,1.536
Q8R0X7,Gametogenesis,5.92,1.536
Q3TTP0,Gametogenesis,5.92,1.536
Q9JJY3,Gametogenesis,5.92,1.536
P08228,Gametogenesis,5.92,1.536
Q8K450,Gametogenesis,5.92,1.536
Q3U6K5,Gametogenesis,5.92,1.536
Q9D9W0,Gametogenesis,5.92,1.536
Q8C9J3-4,Gametogenesis,5.92,1.536
Q9WTK7,Gametogenesis,5.92,1.536
Q00262,Gametogenesis,5.92,1.536
Q9DA32,Gametogenesis,5.92,1.536
Q8R1G1,Gametogenesis,5.92,1.536
Q9D9I4,Gametogenesis,5.92,1.536
P11985,Gametogenesis,5.92,1.536
P61407,Gametogenesis,5.92,1.536
Q9JMB1,Gametogenesis,5.92,1.536
Q61241,Gametogenesis,5.92,1.536
Q9D411,Gametogenesis,5.92,1.536
P31254,Gametogenesis,5.92,1.536
Q9Z2C8,Gametogenesis,5.92,1.536
P09470,Binding of sperm,5.58,-0.647
P23578,Binding of sperm,5.58,-0.647
Q60813,Binding of sperm,5.58,-0.647
P50428,Binding of sperm,5.58,-0.647
Q9WV27,Binding of sperm,5.58,-0.647
Q6UQ17,Binding of sperm,5.58,-0.647
P80315,Binding of sperm,5.58,-0.647
P40240,Binding of sperm,5.58,-0.647
P52194,Binding of sperm,5.58,-0.647
Q9DAG6,Binding of sperm,5.58,-0.647
Q07133,Binding of sperm,5.58,-0.647
Q9CWP4,Binding of sperm,5.58,-0.647
P21956,Binding of sperm,5.58,-0.647
P29121,Binding of sperm,5.58,-0.647
Q60963,Binding of sperm,5.58,-0.647
Q9DAA4,Binding of sperm,5.58,-0.647
Q9D5A9,Binding of sperm,5.58,-0.647
P15265,Binding of sperm,5.58,-0.647
Q9D0T1,Binding of sperm,5.58,-0.647
Q9R0H0,Abnormal morphology of male germ cells,5.43,
P23578,Abnormal morphology of male germ cells,5.43,
Q60662,Abnormal morphology of male germ cells,5.43,
Q8R5M8,Abnormal morphology of male germ cells,5.43,
P08414,Abnormal morphology of male germ cells,5.43,
P58019,Abnormal morphology of male germ cells,5.43,
Q04735,Abnormal morphology of male germ cells,5.43,
P41209,Abnormal morphology of male germ cells,5.43,
Q0VFX2,Abnormal morphology of male germ cells,5.43,
O54833,Abnormal morphology of male germ cells,5.43,
Q3TCH7,Abnormal morphology of male germ cells,5.43,
P63037,Abnormal morphology of male germ cells,5.43,
Q9WVK4,Abnormal morphology of male germ cells,5.43,
Q9Z0R9,Abnormal morphology of male germ cells,5.43,
Q9WTX7,Abnormal morphology of male germ cells,5.43,
Q07133,Abnormal morphology of male germ cells,5.43,
Q9Z0R0,Abnormal morphology of male germ cells,5.43,
P51660,Abnormal morphology of male germ cells,5.43,
Q61316,Abnormal morphology of male germ cells,5.43,
Q99P31,Abnormal morphology of male germ cells,5.43,
P42859,Abnormal morphology of male germ cells,5.43,
Q6PD10,Abnormal morphology of male germ cells,5.43,
Q91VH6,Abnormal morphology of male germ cells,5.43,
Q61884,Abnormal morphology of male germ cells,5.43,
Q80WJ7,Abnormal morphology of male germ cells,5.43,
Q99MH5,Abnormal morphology of male germ cells,5.43,
Q5QNQ6,Abnormal morphology of male germ cells,5.43,
O35386,Abnormal morphology of male germ cells,5.43,
Q9JMB7,Abnormal morphology of male germ cells,5.43,
P63087-2,Abnormal morphology of male germ cells,5.43,
Q9JHJ7,Abnormal morphology of male germ cells,5.43,
Q5SSW2,Abnormal morphology of male germ cells,5.43,
Q3V0F0,Abnormal morphology of male germ cells,5.43,
Q8VIG3,Abnormal morphology of male germ cells,5.43,
Q6NZC7,Abnormal morphology of male germ cells,5.43,
P28661,Abnormal morphology of male germ cells,5.43,
P15265,Abnormal morphology of male germ cells,5.43,
Q9D666,Abnormal morphology of male germ cells,5.43,
Q8R1G1,Abnormal morphology of male germ cells,5.43,
P11985,Abnormal morphology of male germ cells,5.43,
O88623,Abnormal morphology of male germ cells,5.43,
P23578,Sperm disorder,5.42,-2.387
Q8C0T9,Sperm disorder,5.42,-2.387
Q99PT1,Sperm disorder,5.42,-2.387
Q9WV27,Sperm disorder,5.42,-2.387
Q8R5M8,Sperm disorder,5.42,-2.387
P08414,Sperm disorder,5.42,-2.387
Q91ZR5,Sperm disorder,5.42,-2.387
A2ARP9,Sperm disorder,5.42,-2.387
Q80W99,Sperm disorder,5.42,-2.387
Q8BVN3,Sperm disorder,5.42,-2.387
E9Q9F6,Sperm disorder,5.42,-2.387
P58019,Sperm disorder,5.42,-2.387
Q04735,Sperm disorder,5.42,-2.387
P41209,Sperm disorder,5.42,-2.387
P26361,Sperm disorder,5.42,-2.387
Q9D5U8,Sperm disorder,5.42,-2.387
O54833,Sperm disorder,5.42,-2.387
Q3TCH7,Sperm disorder,5.42,-2.387
E9Q8T7,Sperm disorder,5.42,-2.387
P63037,Sperm disorder,5.42,-2.387
Q9WVK4,Sperm disorder,5.42,-2.387
P70372,Sperm disorder,5.42,-2.387
Q9D9V2,Sperm disorder,5.42,-2.387
Q9Z0R9,Sperm disorder,5.42,-2.387
Q9WTX7,Sperm disorder,5.42,-2.387
P30416,Sperm disorder,5.42,-2.387
P70419,Sperm disorder,5.42,-2.387
Q60928,Sperm disorder,5.42,-2.387
P98192,Sperm disorder,5.42,-2.387
Q07133,Sperm disorder,5.42,-2.387
P43275,Sperm disorder,5.42,-2.387
P07901,Sperm disorder,5.42,-2.387
Q61316,Sperm disorder,5.42,-2.387
P48722,Sperm disorder,5.42,-2.387
Q99P31,Sperm disorder,5.42,-2.387
Q6PD10,Sperm disorder,5.42,-2.387
P54310,Sperm disorder,5.42,-2.387
P48678,Sperm disorder,5.42,-2.387
Q921V5,Sperm disorder,5.42,-2.387
Q61884,Sperm disorder,5.42,-2.387
Q99MH5,Sperm disorder,5.42,-2.387
Q715T0,Sperm disorder,5.42,-2.387
Q61999,Sperm disorder,5.42,-2.387
Q5QNQ6,Sperm disorder,5.42,-2.387
P09041,Sperm disorder,5.42,-2.387
P63087-2,Sperm disorder,5.42,-2.387
O08807,Sperm disorder,5.42,-2.387
P05132,Sperm disorder,5.42,-2.387
Q9JHJ7,Sperm disorder,5.42,-2.387
Q5SSW2,Sperm disorder,5.42,-2.387
P34022,Sperm disorder,5.42,-2.387
Q3V0F0,Sperm disorder,5.42,-2.387
Q8VIG3,Sperm disorder,5.42,-2.387
D3YXK2,Sperm disorder,5.42,-2.387
Q6NZC7,Sperm disorder,5.42,-2.387
P28661,Sperm disorder,5.42,-2.387
Q6UJY2,Sperm disorder,5.42,-2.387
P15265,Sperm disorder,5.42,-2.387
Q8K450,Sperm disorder,5.42,-2.387
Q924X7,Sperm disorder,5.42,-2.387
Q9D666,Sperm disorder,5.42,-2.387
Q93092,Sperm disorder,5.42,-2.387
Q8R1G1,Sperm disorder,5.42,-2.387
P11985,Sperm disorder,5.42,-2.387
P61407,Sperm disorder,5.42,-2.387
Q5H8C4,Sperm disorder,5.42,-2.387
Q9Z2C8,Sperm disorder,5.42,-2.387
P09470,Function of genital organ,5.3,
Q9QUJ7,Function of genital organ,5.3,
Q60662,Function of genital organ,5.3,
O54794,Function of genital organ,5.3,
Q99PT1,Function of genital organ,5.3,
Q9WV27,Function of genital organ,5.3,
Q91ZR5,Function of genital organ,5.3,
A2ARP9,Function of genital organ,5.3,
Q80W99,Function of genital organ,5.3,
Q8BVN3,Function of genital organ,5.3,
P26361,Function of genital organ,5.3,
Q03401,Function of genital organ,5.3,
Q02248,Function of genital organ,5.3,
Q9Z0R9,Function of genital organ,5.3,
Q9CWP4,Function of genital organ,5.3,
Q715T0,Function of genital organ,5.3,
Q9DAN1,Function of genital organ,5.3,
Q3UUQ7,Function of genital organ,5.3,
P63087-2,Function of genital organ,5.3,
Q9JHJ7,Function of genital organ,5.3,
Q9DAA4,Function of genital organ,5.3,
Q8VIG3,Function of genital organ,5.3,
P28661,Function of genital organ,5.3,
Q07235,Function of genital organ,5.3,
P48794,Function of genital organ,5.3,
Q9D5A0,Function of genital organ,5.3,
Q93092,Function of genital organ,5.3,
Q9R0H0,Morphology of germ cells,5.07,
P23578,Morphology of germ cells,5.07,
Q60662,Morphology of germ cells,5.07,
Q8R5M8,Morphology of germ cells,5.07,
P08414,Morphology of germ cells,5.07,
E9Q9F6,Morphology of germ cells,5.07,
P58019,Morphology of germ cells,5.07,
P40240,Morphology of germ cells,5.07,
Q04735,Morphology of germ cells,5.07,
P41209,Morphology of germ cells,5.07,
Q0VFX2,Morphology of germ cells,5.07,
Q9D5U8,Morphology of germ cells,5.07,
Q5SU73,Morphology of germ cells,5.07,
O54833,Morphology of germ cells,5.07,
Q3TCH7,Morphology of germ cells,5.07,
A2A432,Morphology of germ cells,5.07,
P63037,Morphology of germ cells,5.07,
Q9WVK4,Morphology of germ cells,5.07,
Q9Z0R9,Morphology of germ cells,5.07,
Q9WTX7,Morphology of germ cells,5.07,
Q07133,Morphology of germ cells,5.07,
Q9Z0R0,Morphology of germ cells,5.07,
P51660,Morphology of germ cells,5.07,
Q61316,Morphology of germ cells,5.07,
Q99P31,Morphology of germ cells,5.07,
P42859,Morphology of germ cells,5.07,
Q6PD10,Morphology of germ cells,5.07,
P54310,Morphology of germ cells,5.07,
Q91VH6,Morphology of germ cells,5.07,
Q61884,Morphology of germ cells,5.07,
Q80WJ7,Morphology of germ cells,5.07,
Q99MH5,Morphology of germ cells,5.07,
Q61999,Morphology of germ cells,5.07,
Q5QNQ6,Morphology of germ cells,5.07,
O35386,Morphology of germ cells,5.07,
Q9JMB7,Morphology of germ cells,5.07,
P63087-2,Morphology of germ cells,5.07,
Q9JHJ7,Morphology of germ cells,5.07,
Q5SSW2,Morphology of germ cells,5.07,
Q3V0F0,Morphology of germ cells,5.07,
Q8VIG3,Morphology of germ cells,5.07,
Q6NZC7,Morphology of germ cells,5.07,
P28661,Morphology of germ cells,5.07,
P15265,Morphology of germ cells,5.07,
Q9JLI7,Morphology of germ cells,5.07,
Q9D9W0,Morphology of germ cells,5.07,
Q9D5A0,Morphology of germ cells,5.07,
Q9WTK7,Morphology of germ cells,5.07,
Q9D666,Morphology of germ cells,5.07,
Q93092,Morphology of germ cells,5.07,
Q8R1G1,Morphology of germ cells,5.07,
P11985,Morphology of germ cells,5.07,
Q9D411,Morphology of germ cells,5.07,
O88623,Morphology of germ cells,5.07,
Q5H8C4,Morphology of germ cells,5.07,
Q9Z2C8,Morphology of germ cells,5.07,
P09470,Function of reproductive system,5.06,
Q9QUJ7,Function of reproductive system,5.06,
Q60662,Function of reproductive system,5.06,
O54794,Function of reproductive system,5.06,
Q99PT1,Function of reproductive system,5.06,
Q9WV27,Function of reproductive system,5.06,
Q91ZR5,Function of reproductive system,5.06,
A2ARP9,Function of reproductive system,5.06,
Q80W99,Function of reproductive system,5.06,
Q8BVN3,Function of reproductive system,5.06,
P26361,Function of reproductive system,5.06,
Q03401,Function of reproductive system,5.06,
Q02248,Function of reproductive system,5.06,
Q9Z0R9,Function of reproductive system,5.06,
P11679,Function of reproductive system,5.06,
Q9CWP4,Function of reproductive system,5.06,
Q715T0,Function of reproductive system,5.06,
Q9DAN1,Function of reproductive system,5.06,
Q3UUQ7,Function of reproductive system,5.06,
P63087-2,Function of reproductive system,5.06,
Q9JHJ7,Function of reproductive system,5.06,
Q9DAA4,Function of reproductive system,5.06,
Q8VIG3,Function of reproductive system,5.06,
P28661,Function of reproductive system,5.06,
Q07235,Function of reproductive system,5.06,
P48794,Function of reproductive system,5.06,
Q9D5A0,Function of reproductive system,5.06,
Q60864,Function of reproductive system,5.06,
Q93092,Function of reproductive system,5.06,
Q9R0H0,Morphology of gonadal cells,4.99,
P23578,Morphology of gonadal cells,4.99,
Q60662,Morphology of gonadal cells,4.99,
P50428,Morphology of gonadal cells,4.99,
Q8R5M8,Morphology of gonadal cells,4.99,
P08414,Morphology of gonadal cells,4.99,
E9Q9F6,Morphology of gonadal cells,4.99,
P58019,Morphology of gonadal cells,4.99,
P40240,Morphology of gonadal cells,4.99,
Q04735,Morphology of gonadal cells,4.99,
P41209,Morphology of gonadal cells,4.99,
Q0VFX2,Morphology of gonadal cells,4.99,
Q9D5U8,Morphology of gonadal cells,4.99,
Q5SU73,Morphology of gonadal cells,4.99,
O54833,Morphology of gonadal cells,4.99,
Q3TCH7,Morphology of gonadal cells,4.99,
A2A432,Morphology of gonadal cells,4.99,
P63037,Morphology of gonadal cells,4.99,
Q9WVK4,Morphology of gonadal cells,4.99,
Q9Z0R9,Morphology of gonadal cells,4.99,
Q9WTX7,Morphology of gonadal cells,4.99,
Q07133,Morphology of gonadal cells,4.99,
Q9Z0R0,Morphology of gonadal cells,4.99,
P51660,Morphology of gonadal cells,4.99,
Q61316,Morphology of gonadal cells,4.99,
Q99P31,Morphology of gonadal cells,4.99,
P42859,Morphology of gonadal cells,4.99,
Q6PD10,Morphology of gonadal cells,4.99,
Q9D5V2,Morphology of gonadal cells,4.99,
P54310,Morphology of gonadal cells,4.99,
Q91VH6,Morphology of gonadal cells,4.99,
Q61884,Morphology of gonadal cells,4.99,
Q80WJ7,Morphology of gonadal cells,4.99,
Q99MH5,Morphology of gonadal cells,4.99,
Q11011,Morphology of gonadal cells,4.99,
Q61999,Morphology of gonadal cells,4.99,
Q5QNQ6,Morphology of gonadal cells,4.99,
O35386,Morphology of gonadal cells,4.99,
Q9JMB7,Morphology of gonadal cells,4.99,
P63087-2,Morphology of gonadal cells,4.99,
Q9JHJ7,Morphology of gonadal cells,4.99,
Q5SSW2,Morphology of gonadal cells,4.99,
P54728,Morphology of gonadal cells,4.99,
Q3V0F0,Morphology of gonadal cells,4.99,
Q8VIG3,Morphology of gonadal cells,4.99,
Q6NZC7,Morphology of gonadal cells,4.99,
P28661,Morphology of gonadal cells,4.99,
P15265,Morphology of gonadal cells,4.99,
Q8K450,Morphology of gonadal cells,4.99,
Q9JLI7,Morphology of gonadal cells,4.99,
Q9D9W0,Morphology of gonadal cells,4.99,
Q9D5A0,Morphology of gonadal cells,4.99,
Q9WTK7,Morphology of gonadal cells,4.99,
Q9D666,Morphology of gonadal cells,4.99,
Q93092,Morphology of gonadal cells,4.99,
Q8R1G1,Morphology of gonadal cells,4.99,
P11985,Morphology of gonadal cells,4.99,
Q9D411,Morphology of gonadal cells,4.99,
O88623,Morphology of gonadal cells,4.99,
Q5H8C4,Morphology of gonadal cells,4.99,
Q9Z2C8,Morphology of gonadal cells,4.99,
P23578,Morphology of sperm head,4.86,
P08414,Morphology of sperm head,4.86,
P58019,Morphology of sperm head,4.86,
Q04735,Morphology of sperm head,4.86,
P41209,Morphology of sperm head,4.86,
Q0VFX2,Morphology of sperm head,4.86,
O54833,Morphology of sperm head,4.86,
Q3TCH7,Morphology of sperm head,4.86,
Q9WTX7,Morphology of sperm head,4.86,
Q07133,Morphology of sperm head,4.86,
P54310,Morphology of sperm head,4.86,
Q5QNQ6,Morphology of sperm head,4.86,
P63087-2,Morphology of sperm head,4.86,
Q9JHJ7,Morphology of sperm head,4.86,
Q3V0F0,Morphology of sperm head,4.86,
P15265,Morphology of sperm head,4.86,
P11985,Morphology of sperm head,4.86,
P58742,Infertility,4.55,0.788
Q9R0H0,Infertility,4.55,0.788
P23578,Infertility,4.55,0.788
Q60813,Infertility,4.55,0.788
Q8C0T9,Infertility,4.55,0.788
Q60662,Infertility,4.55,0.788
Q99PT1,Infertility,4.55,0.788
O88848,Infertility,4.55,0.788
Q9WV27,Infertility,4.55,0.788
Q9CWF6,Infertility,4.55,0.788
Q64444,Infertility,4.55,0.788
Q8R5M8,Infertility,4.55,0.788
P08414,Infertility,4.55,0.788
Q91ZR5,Infertility,4.55,0.788
A2ARP9,Infertility,4.55,0.788
Q80W99,Infertility,4.55,0.788
Q8BVN3,Infertility,4.55,0.788
E9Q9F6,Infertility,4.55,0.788
P40240,Infertility,4.55,0.788
P60766,Infertility,4.55,0.788
Q04735,Infertility,4.55,0.788
P41209,Infertility,4.55,0.788
Q0VFX2,Infertility,4.55,0.788
P26361,Infertility,4.55,0.788
P52194,Infertility,4.55,0.788
Q9D5U8,Infertility,4.55,0.788
O54833,Infertility,4.55,0.788
Q3TCH7,Infertility,4.55,0.788
E9Q8T7,Infertility,4.55,0.788
Q9WVK4,Infertility,4.55,0.788
Q9Z0R9,Infertility,4.55,0.788
P30416,Infertility,4.55,0.788
P70419,Infertility,4.55,0.788
Q60928,Infertility,4.55,0.788
P98192,Infertility,4.55,0.788
Q07133,Infertility,4.55,0.788
P43275,Infertility,4.55,0.788
P51660,Infertility,4.55,0.788
P07901,Infertility,4.55,0.788
P17156,Infertility,4.55,0.788
Q61316,Infertility,4.55,0.788
Q99P31,Infertility,4.55,0.788
Q6PD10,Infertility,4.55,0.788
Q60749,Infertility,4.55,0.788
Q9D5V2,Infertility,4.55,0.788
O35345,Infertility,4.55,0.788
P11679,Infertility,4.55,0.788
P54310,Infertility,4.55,0.788
Q9CWP4,Infertility,4.55,0.788
P12025,Infertility,4.55,0.788
Q921V5,Infertility,4.55,0.788
Q9JLI3,Infertility,4.55,0.788
Q61884,Infertility,4.55,0.788
Q11011,Infertility,4.55,0.788
Q61999,Infertility,4.55,0.788
Q5QNQ6,Infertility,4.55,0.788
Q9DAN1,Infertility,4.55,0.788
Q3UUQ7,Infertility,4.55,0.788
P09041,Infertility,4.55,0.788
Q9JMB7,Infertility,4.55,0.788
P63087-2,Infertility,4.55,0.788
P05132,Infertility,4.55,0.788
Q9DAA4,Infertility,4.55,0.788
Q05769,Infertility,4.55,0.788
P54728,Infertility,4.55,0.788
P34022,Infertility,4.55,0.788
Q3V0F0,Infertility,4.55,0.788
Q8VIG3,Infertility,4.55,0.788
D3YXK2,Infertility,4.55,0.788
P28661,Infertility,4.55,0.788
Q6UJY2,Infertility,4.55,0.788
P15265,Infertility,4.55,0.788
P08228,Infertility,4.55,0.788
Q8K450,Infertility,4.55,0.788
Q9JLI7,Infertility,4.55,0.788
Q924X7,Infertility,4.55,0.788
Q9D666,Infertility,4.55,0.788
Q93092,Infertility,4.55,0.788
Q8R1G1,Infertility,4.55,0.788
P11985,Infertility,4.55,0.788
P61407,Infertility,4.55,0.788
Q5H8C4,Infertility,4.55,0.788
Q9Z2C8,Infertility,4.55,0.788
P62259,Infertility,4.55,0.788
P23578,Abnormal morphology of sperm head,4.5,
P08414,Abnormal morphology of sperm head,4.5,
P58019,Abnormal morphology of sperm head,4.5,
Q04735,Abnormal morphology of sperm head,4.5,
P41209,Abnormal morphology of sperm head,4.5,
Q0VFX2,Abnormal morphology of sperm head,4.5,
O54833,Abnormal morphology of sperm head,4.5,
Q3TCH7,Abnormal morphology of sperm head,4.5,
Q9WTX7,Abnormal morphology of sperm head,4.5,
Q07133,Abnormal morphology of sperm head,4.5,
Q5QNQ6,Abnormal morphology of sperm head,4.5,
P63087-2,Abnormal morphology of sperm head,4.5,
Q9JHJ7,Abnormal morphology of sperm head,4.5,
Q3V0F0,Abnormal morphology of sperm head,4.5,
P15265,Abnormal morphology of sperm head,4.5,
P11985,Abnormal morphology of sperm head,4.5,
Q9R0H0,Morphology of spermatids,4.47,
Q8R5M8,Morphology of spermatids,4.47,
P08414,Morphology of spermatids,4.47,
P41209,Morphology of spermatids,4.47,
O54833,Morphology of spermatids,4.47,
Q3TCH7,Morphology of spermatids,4.47,
P63037,Morphology of spermatids,4.47,
Q9WVK4,Morphology of spermatids,4.47,
Q9Z0R9,Morphology of spermatids,4.47,
P51660,Morphology of spermatids,4.47,
Q61316,Morphology of spermatids,4.47,
Q99P31,Morphology of spermatids,4.47,
Q6PD10,Morphology of spermatids,4.47,
P54310,Morphology of spermatids,4.47,
Q61884,Morphology of spermatids,4.47,
Q99MH5,Morphology of spermatids,4.47,
Q5QNQ6,Morphology of spermatids,4.47,
Q9JMB7,Morphology of spermatids,4.47,
P63087-2,Morphology of spermatids,4.47,
Q5SSW2,Morphology of spermatids,4.47,
Q3V0F0,Morphology of spermatids,4.47,
Q8VIG3,Morphology of spermatids,4.47,
Q6NZC7,Morphology of spermatids,4.47,
Q8R1G1,Morphology of spermatids,4.47,
Q9R0H0,Abnormal morphology of germ cells,4.46,
P23578,Abnormal morphology of germ cells,4.46,
Q60662,Abnormal morphology of germ cells,4.46,
Q8R5M8,Abnormal morphology of germ cells,4.46,
P08414,Abnormal morphology of germ cells,4.46,
E9Q9F6,Abnormal morphology of germ cells,4.46,
P58019,Abnormal morphology of germ cells,4.46,
P40240,Abnormal morphology of germ cells,4.46,
Q04735,Abnormal morphology of germ cells,4.46,
P41209,Abnormal morphology of germ cells,4.46,
Q0VFX2,Abnormal morphology of germ cells,4.46,
Q9D5U8,Abnormal morphology of germ cells,4.46,
Q5SU73,Abnormal morphology of germ cells,4.46,
O54833,Abnormal morphology of germ cells,4.46,
Q3TCH7,Abnormal morphology of germ cells,4.46,
A2A432,Abnormal morphology of germ cells,4.46,
P63037,Abnormal morphology of germ cells,4.46,
Q9WVK4,Abnormal morphology of germ cells,4.46,
Q9Z0R9,Abnormal morphology of germ cells,4.46,
Q9WTX7,Abnormal morphology of germ cells,4.46,
Q07133,Abnormal morphology of germ cells,4.46,
Q9Z0R0,Abnormal morphology of germ cells,4.46,
P51660,Abnormal morphology of germ cells,4.46,
Q61316,Abnormal morphology of germ cells,4.46,
Q99P31,Abnormal morphology of germ cells,4.46,
P42859,Abnormal morphology of germ cells,4.46,
Q6PD10,Abnormal morphology of germ cells,4.46,
Q91VH6,Abnormal morphology of germ cells,4.46,
Q61884,Abnormal morphology of germ cells,4.46,
Q80WJ7,Abnormal morphology of germ cells,4.46,
Q99MH5,Abnormal morphology of germ cells,4.46,
Q61999,Abnormal morphology of germ cells,4.46,
Q5QNQ6,Abnormal morphology of germ cells,4.46,
O35386,Abnormal morphology of germ cells,4.46,
Q9JMB7,Abnormal morphology of germ cells,4.46,
P63087-2,Abnormal morphology of germ cells,4.46,
Q9JHJ7,Abnormal morphology of germ cells,4.46,
Q5SSW2,Abnormal morphology of germ cells,4.46,
Q3V0F0,Abnormal morphology of germ cells,4.46,
Q8VIG3,Abnormal morphology of germ cells,4.46,
Q6NZC7,Abnormal morphology of germ cells,4.46,
P28661,Abnormal morphology of germ cells,4.46,
P15265,Abnormal morphology of germ cells,4.46,
Q9D5A0,Abnormal morphology of germ cells,4.46,
Q9D666,Abnormal morphology of germ cells,4.46,
Q93092,Abnormal morphology of germ cells,4.46,
Q8R1G1,Abnormal morphology of germ cells,4.46,
P11985,Abnormal morphology of germ cells,4.46,
Q9D411,Abnormal morphology of germ cells,4.46,
O88623,Abnormal morphology of germ cells,4.46,
Q5H8C4,Abnormal morphology of germ cells,4.46,
Q9Z2C8,Abnormal morphology of germ cells,4.46,
Q3V140,Spermiogenesis,4.37,0.243
Q8K4E0,Spermiogenesis,4.37,0.243
Q8R5M8,Spermiogenesis,4.37,0.243
P08414,Spermiogenesis,4.37,0.243
Q5SV66,Spermiogenesis,4.37,0.243
Q8CDV6,Spermiogenesis,4.37,0.243
P41209,Spermiogenesis,4.37,0.243
Q9WVK4,Spermiogenesis,4.37,0.243
P70372,Spermiogenesis,4.37,0.243
Q9Z0R9,Spermiogenesis,4.37,0.243
Q8BIL5,Spermiogenesis,4.37,0.243
P17156,Spermiogenesis,4.37,0.243
Q3TY65,Spermiogenesis,4.37,0.243
Q6PD10,Spermiogenesis,4.37,0.243
Q80W32,Spermiogenesis,4.37,0.243
Q9D5V2,Spermiogenesis,4.37,0.243
Q99MH5,Spermiogenesis,4.37,0.243
Q9D2F7,Spermiogenesis,4.37,0.243
Q5QNQ6,Spermiogenesis,4.37,0.243
Q9DAK2,Spermiogenesis,4.37,0.243
Q9DAN1,Spermiogenesis,4.37,0.243
Q9JMB7,Spermiogenesis,4.37,0.243
P63087-2,Spermiogenesis,4.37,0.243
Q9DAA4,Spermiogenesis,4.37,0.243
Q3V0F0,Spermiogenesis,4.37,0.243
Q8VIG3,Spermiogenesis,4.37,0.243
Q6NZC7,Spermiogenesis,4.37,0.243
P28661,Spermiogenesis,4.37,0.243
Q9WTK7,Spermiogenesis,4.37,0.243
Q9DA32,Spermiogenesis,4.37,0.243
Q8R1G1,Spermiogenesis,4.37,0.243
Q61241,Spermiogenesis,4.37,0.243
Q9D411,Spermiogenesis,4.37,0.243
Q9Z2C8,Spermiogenesis,4.37,0.243
Q9R0H0,Abnormal morphology of spermatids,4.17,
Q8R5M8,Abnormal morphology of spermatids,4.17,
P08414,Abnormal morphology of spermatids,4.17,
P41209,Abnormal morphology of spermatids,4.17,
O54833,Abnormal morphology of spermatids,4.17,
Q3TCH7,Abnormal morphology of spermatids,4.17,
P63037,Abnormal morphology of spermatids,4.17,
Q9WVK4,Abnormal morphology of spermatids,4.17,
Q9Z0R9,Abnormal morphology of spermatids,4.17,
P51660,Abnormal morphology of spermatids,4.17,
Q61316,Abnormal morphology of spermatids,4.17,
Q99P31,Abnormal morphology of spermatids,4.17,
Q6PD10,Abnormal morphology of spermatids,4.17,
Q61884,Abnormal morphology of spermatids,4.17,
Q99MH5,Abnormal morphology of spermatids,4.17,
Q5QNQ6,Abnormal morphology of spermatids,4.17,
Q9JMB7,Abnormal morphology of spermatids,4.17,
P63087-2,Abnormal morphology of spermatids,4.17,
Q5SSW2,Abnormal morphology of spermatids,4.17,
Q3V0F0,Abnormal morphology of spermatids,4.17,
Q8VIG3,Abnormal morphology of spermatids,4.17,
Q6NZC7,Abnormal morphology of spermatids,4.17,
Q8R1G1,Abnormal morphology of spermatids,4.17,
Q60662,Abnormal morphology of sperm midpiece,4.08,
P41209,Abnormal morphology of sperm midpiece,4.08,
Q0VFX2,Abnormal morphology of sperm midpiece,4.08,
Q9D5U8,Abnormal morphology of sperm midpiece,4.08,
Q61884,Abnormal morphology of sperm midpiece,4.08,
Q61999,Abnormal morphology of sperm midpiece,4.08,
Q5QNQ6,Abnormal morphology of sperm midpiece,4.08,
P63087-2,Abnormal morphology of sperm midpiece,4.08,
P28661,Abnormal morphology of sperm midpiece,4.08,
Q93092,Abnormal morphology of sperm midpiece,4.08,
Q9D411,Abnormal morphology of sperm midpiece,4.08,
Q5H8C4,Abnormal morphology of sperm midpiece,4.08,
P09470,Gonadogenesis,3.77,1.672
Q9R0H0,Gonadogenesis,3.77,1.672
Q3V140,Gonadogenesis,3.77,1.672
O35083,Gonadogenesis,3.77,1.672
Q9D2H2,Gonadogenesis,3.77,1.672
Q8K4E0,Gonadogenesis,3.77,1.672
Q99PT1,Gonadogenesis,3.77,1.672
P50428,Gonadogenesis,3.77,1.672
Q9WV27,Gonadogenesis,3.77,1.672
Q8R5M8,Gonadogenesis,3.77,1.672
P08414,Gonadogenesis,3.77,1.672
Q91ZR5,Gonadogenesis,3.77,1.672
E9Q9F6,Gonadogenesis,3.77,1.672
Q3TVA9,Gonadogenesis,3.77,1.672
Q5SV66,Gonadogenesis,3.77,1.672
Q8CDV6,Gonadogenesis,3.77,1.672
Q04735,Gonadogenesis,3.77,1.672
P41209,Gonadogenesis,3.77,1.672
Q8C6S9-2,Gonadogenesis,3.77,1.672
Q9D5U8,Gonadogenesis,3.77,1.672
Q5SU73,Gonadogenesis,3.77,1.672
O54833,Gonadogenesis,3.77,1.672
Q02248,Gonadogenesis,3.77,1.672
Q3TCH7,Gonadogenesis,3.77,1.672
P16381,Gonadogenesis,3.77,1.672
Q9JII5,Gonadogenesis,3.77,1.672
Q61496,Gonadogenesis,3.77,1.672
P63037,Gonadogenesis,3.77,1.672
Q9DAM2,Gonadogenesis,3.77,1.672
Q9WVK4,Gonadogenesis,3.77,1.672
Q80XI3,Gonadogenesis,3.77,1.672
P70372,Gonadogenesis,3.77,1.672
Q9D9V2,Gonadogenesis,3.77,1.672
Q9Z0R9,Gonadogenesis,3.77,1.672
Q9WTX7,Gonadogenesis,3.77,1.672
Q60928,Gonadogenesis,3.77,1.672
Q07133,Gonadogenesis,3.77,1.672
P43275,Gonadogenesis,3.77,1.672
Q4U2R1,Gonadogenesis,3.77,1.672
P20060,Gonadogenesis,3.77,1.672
Q8BIL5,Gonadogenesis,3.77,1.672
P51660,Gonadogenesis,3.77,1.672
P17156,Gonadogenesis,3.77,1.672
Q61316,Gonadogenesis,3.77,1.672
P48722,Gonadogenesis,3.77,1.672
Q9D6H2,Gonadogenesis,3.77,1.672
Q99P31,Gonadogenesis,3.77,1.672
P42859,Gonadogenesis,3.77,1.672
Q3TY65,Gonadogenesis,3.77,1.672
Q61025,Gonadogenesis,3.77,1.672
Q8BPT6,Gonadogenesis,3.77,1.672
Q6PD10,Gonadogenesis,3.77,1.672
Q80W32,Gonadogenesis,3.77,1.672
Q9D5V2,Gonadogenesis,3.77,1.672
P11438,Gonadogenesis,3.77,1.672
P54310,Gonadogenesis,3.77,1.672
Q9D5S7,Gonadogenesis,3.77,1.672
A2ARV4,Gonadogenesis,3.77,1.672
P12025,Gonadogenesis,3.77,1.672
Q9JLI3,Gonadogenesis,3.77,1.672
Q61884,Gonadogenesis,3.77,1.672
Q8VCB1,Gonadogenesis,3.77,1.672
Q99MH5,Gonadogenesis,3.77,1.672
Q11011,Gonadogenesis,3.77,1.672
Q9D2F7,Gonadogenesis,3.77,1.672
Q5QNQ6,Gonadogenesis,3.77,1.672
Q9DAK2,Gonadogenesis,3.77,1.672
P29121,Gonadogenesis,3.77,1.672
Q9DAN1,Gonadogenesis,3.77,1.672
Q9Z2A0,Gonadogenesis,3.77,1.672
Q9JMB7,Gonadogenesis,3.77,1.672
P63087-2,Gonadogenesis,3.77,1.672
O08807,Gonadogenesis,3.77,1.672
Q9QXU7,Gonadogenesis,3.77,1.672
Q9JHJ7,Gonadogenesis,3.77,1.672
Q9DAA4,Gonadogenesis,3.77,1.672
Q8VIF2,Gonadogenesis,3.77,1.672
Q5SSW2,Gonadogenesis,3.77,1.672
P54728,Gonadogenesis,3.77,1.672
P34022,Gonadogenesis,3.77,1.672
Q3V0F0,Gonadogenesis,3.77,1.672
Q9D5A9,Gonadogenesis,3.77,1.672
P62754,Gonadogenesis,3.77,1.672
Q8VIG3,Gonadogenesis,3.77,1.672
D3YXK2,Gonadogenesis,3.77,1.672
Q6NZC7,Gonadogenesis,3.77,1.672
P28661,Gonadogenesis,3.77,1.672
Q8R0X7,Gonadogenesis,3.77,1.672
Q8BJU0,Gonadogenesis,3.77,1.672
Q3TTP0,Gonadogenesis,3.77,1.672
Q9JJY3,Gonadogenesis,3.77,1.672
P08228,Gonadogenesis,3.77,1.672
Q8K450,Gonadogenesis,3.77,1.672
Q3U6K5,Gonadogenesis,3.77,1.672
Q9D9W0,Gonadogenesis,3.77,1.672
Q8C9J3-4,Gonadogenesis,3.77,1.672
Q9WTK7,Gonadogenesis,3.77,1.672
Q00262,Gonadogenesis,3.77,1.672
Q9DA32,Gonadogenesis,3.77,1.672
Q8R1G1,Gonadogenesis,3.77,1.672
Q9D9I4,Gonadogenesis,3.77,1.672
P11985,Gonadogenesis,3.77,1.672
P61407,Gonadogenesis,3.77,1.672
Q9JMB1,Gonadogenesis,3.77,1.672
Q61241,Gonadogenesis,3.77,1.672
Q9D411,Gonadogenesis,3.77,1.672
P31254,Gonadogenesis,3.77,1.672
Q9Z2C8,Gonadogenesis,3.77,1.672
Q5SWU9,Morphology of gonad,3.44,
P09470,Morphology of gonad,3.44,
Q9CQR4,Morphology of gonad,3.44,
Q9R0H0,Morphology of gonad,3.44,
P23578,Morphology of gonad,3.44,
Q9QUJ7,Morphology of gonad,3.44,
Q60662,Morphology of gonad,3.44,
P28352,Morphology of gonad,3.44,
P08226,Morphology of gonad,3.44,
Q99PT1,Morphology of gonad,3.44,
P50428,Morphology of gonad,3.44,
O35855,Morphology of gonad,3.44,
Q8R5M8,Morphology of gonad,3.44,
P08414,Morphology of gonad,3.44,
E9Q9F6,Morphology of gonad,3.44,
Q9WU84,Morphology of gonad,3.44,
P58019,Morphology of gonad,3.44,
P40240,Morphology of gonad,3.44,
Q04735,Morphology of gonad,3.44,
P41209,Morphology of gonad,3.44,
Q0VFX2,Morphology of gonad,3.44,
P26361,Morphology of gonad,3.44,
Q9D5U8,Morphology of gonad,3.44,
Q5SU73,Morphology of gonad,3.44,
O54833,Morphology of gonad,3.44,
Q3TCH7,Morphology of gonad,3.44,
A2A432,Morphology of gonad,3.44,
P63037,Morphology of gonad,3.44,
Q9WVK4,Morphology of gonad,3.44,
Q8CGC7,Morphology of gonad,3.44,
Q9Z0R9,Morphology of gonad,3.44,
Q9WTX7,Morphology of gonad,3.44,
P30416,Morphology of gonad,3.44,
P70419,Morphology of gonad,3.44,
Q60928,Morphology of gonad,3.44,
P26443,Morphology of gonad,3.44,
P63094,Morphology of gonad,3.44,
P98192,Morphology of gonad,3.44,
Q9DCM2,Morphology of gonad,3.44,
Q07133,Morphology of gonad,3.44,
Q9Z0R0,Morphology of gonad,3.44,
P29416,Morphology of gonad,3.44,
P20060,Morphology of gonad,3.44,
P51660,Morphology of gonad,3.44,
P07901,Morphology of gonad,3.44,
P17156,Morphology of gonad,3.44,
Q61316,Morphology of gonad,3.44,
Q99P31,Morphology of gonad,3.44,
P42859,Morphology of gonad,3.44,
Q6PD10,Morphology of gonad,3.44,
P11881,Morphology of gonad,3.44,
Q9D5V2,Morphology of gonad,3.44,
P02468,Morphology of gonad,3.44,
Q61792,Morphology of gonad,3.44,
P54310,Morphology of gonad,3.44,
P48678,Morphology of gonad,3.44,
A2ARV4,Morphology of gonad,3.44,
Q91VH6,Morphology of gonad,3.44,
P21956,Morphology of gonad,3.44,
Q921V5,Morphology of gonad,3.44,
Q61884,Morphology of gonad,3.44,
Q80WJ7,Morphology of gonad,3.44,
Q99MH5,Morphology of gonad,3.44,
Q11011,Morphology of gonad,3.44,
Q61999,Morphology of gonad,3.44,
Q5QNQ6,Morphology of gonad,3.44,
O35386,Morphology of gonad,3.44,
Q9JMB7,Morphology of gonad,3.44,
P63087-2,Morphology of gonad,3.44,
P20108,Morphology of gonad,3.44,
O08807,Morphology of gonad,3.44,
Q9JHJ7,Morphology of gonad,3.44,
Q61207,Morphology of gonad,3.44,
Q5SSW2,Morphology of gonad,3.44,
Q9Z1X2,Morphology of gonad,3.44,
Q05769,Morphology of gonad,3.44,
P35821,Morphology of gonad,3.44,
P54728,Morphology of gonad,3.44,
Q3V0F0,Morphology of gonad,3.44,
Q8VIG3,Morphology of gonad,3.44,
D3YXK2,Morphology of gonad,3.44,
Q6NZC7,Morphology of gonad,3.44,
P28661,Morphology of gonad,3.44,
Q9WV38,Morphology of gonad,3.44,
P15265,Morphology of gonad,3.44,
Q9JJY3,Morphology of gonad,3.44,
P08228,Morphology of gonad,3.44,
Q8K450,Morphology of gonad,3.44,
Q9JLI7,Morphology of gonad,3.44,
Q9D9W0,Morphology of gonad,3.44,
Q9D5A0,Morphology of gonad,3.44,
Q62261,Morphology of gonad,3.44,
O55183,Morphology of gonad,3.44,
Q9WTK7,Morphology of gonad,3.44,
Q9D666,Morphology of gonad,3.44,
Q93092,Morphology of gonad,3.44,
Q8R1G1,Morphology of gonad,3.44,
P11985,Morphology of gonad,3.44,
P61407,Morphology of gonad,3.44,
Q9JMB1,Morphology of gonad,3.44,
P40142,Morphology of gonad,3.44,
Q9D411,Morphology of gonad,3.44,
Q9JKB1,Morphology of gonad,3.44,
O88623,Morphology of gonad,3.44,
Q5H8C4,Morphology of gonad,3.44,
Q91V09,Morphology of gonad,3.44,
Q9Z2C8,Morphology of gonad,3.44,
Q8BR70,Morphology of gonad,3.44,
P09470,Development of genital organ,3.36,1.672
Q9R0H0,Development of genital organ,3.36,1.672
Q3V140,Development of genital organ,3.36,1.672
O35083,Development of genital organ,3.36,1.672
Q9D2H2,Development of genital organ,3.36,1.672
Q8K4E0,Development of genital organ,3.36,1.672
Q99PT1,Development of genital organ,3.36,1.672
P50428,Development of genital organ,3.36,1.672
Q9WV27,Development of genital organ,3.36,1.672
O08734,Development of genital organ,3.36,1.672
Q8R5M8,Development of genital organ,3.36,1.672
P08414,Development of genital organ,3.36,1.672
Q91ZR5,Development of genital organ,3.36,1.672
E9Q9F6,Development of genital organ,3.36,1.672
Q3TVA9,Development of genital organ,3.36,1.672
Q5SV66,Development of genital organ,3.36,1.672
Q8CDV6,Development of genital organ,3.36,1.672
Q04735,Development of genital organ,3.36,1.672
P41209,Development of genital organ,3.36,1.672
Q8C6S9-2,Development of genital organ,3.36,1.672
Q9D5U8,Development of genital organ,3.36,1.672
Q5SU73,Development of genital organ,3.36,1.672
O54833,Development of genital organ,3.36,1.672
Q02248,Development of genital organ,3.36,1.672
Q3TCH7,Development of genital organ,3.36,1.672
P16381,Development of genital organ,3.36,1.672
Q9JII5,Development of genital organ,3.36,1.672
Q61496,Development of genital organ,3.36,1.672
Q811D0,Development of genital organ,3.36,1.672
P63037,Development of genital organ,3.36,1.672
Q9DAM2,Development of genital organ,3.36,1.672
Q9WVK4,Development of genital organ,3.36,1.672
Q80XI3,Development of genital organ,3.36,1.672
P70372,Development of genital organ,3.36,1.672
Q9D9V2,Development of genital organ,3.36,1.672
Q9Z0R9,Development of genital organ,3.36,1.672
Q9WTX7,Development of genital organ,3.36,1.672
P30416,Development of genital organ,3.36,1.672
Q60928,Development of genital organ,3.36,1.672
Q07133,Development of genital organ,3.36,1.672
P43275,Development of genital organ,3.36,1.672
Q4U2R1,Development of genital organ,3.36,1.672
P20060,Development of genital organ,3.36,1.672
Q8BIL5,Development of genital organ,3.36,1.672
P51660,Development of genital organ,3.36,1.672
P17156,Development of genital organ,3.36,1.672
Q61316,Development of genital organ,3.36,1.672
P48722,Development of genital organ,3.36,1.672
Q9D6H2,Development of genital organ,3.36,1.672
Q99P31,Development of genital organ,3.36,1.672
P42859,Development of genital organ,3.36,1.672
Q3TY65,Development of genital organ,3.36,1.672
Q61025,Development of genital organ,3.36,1.672
Q8BPT6,Development of genital organ,3.36,1.672
Q6PD10,Development of genital organ,3.36,1.672
Q80W32,Development of genital organ,3.36,1.672
Q9D5V2,Development of genital organ,3.36,1.672
P11438,Development of genital organ,3.36,1.672
P54310,Development of genital organ,3.36,1.672
Q9D5S7,Development of genital organ,3.36,1.672
A2ARV4,Development of genital organ,3.36,1.672
P12025,Development of genital organ,3.36,1.672
Q9JLI3,Development of genital organ,3.36,1.672
Q61884,Development of genital organ,3.36,1.672
Q8VCB1,Development of genital organ,3.36,1.672
Q99MH5,Development of genital organ,3.36,1.672
Q11011,Development of genital organ,3.36,1.672
Q9D2F7,Development of genital organ,3.36,1.672
Q5QNQ6,Development of genital organ,3.36,1.672
Q9DAK2,Development of genital organ,3.36,1.672
P29121,Development of genital organ,3.36,1.672
Q9DAN1,Development of genital organ,3.36,1.672
Q9Z2A0,Development of genital organ,3.36,1.672
Q9JMB7,Development of genital organ,3.36,1.672
P63087-2,Development of genital organ,3.36,1.672
O08807,Development of genital organ,3.36,1.672
Q9QXU7,Development of genital organ,3.36,1.672
Q9JHJ7,Development of genital organ,3.36,1.672
Q9DAA4,Development of genital organ,3.36,1.672
Q8VIF2,Development of genital organ,3.36,1.672
Q5SSW2,Development of genital organ,3.36,1.672
P54728,Development of genital organ,3.36,1.672
P34022,Development of genital organ,3.36,1.672
Q3V0F0,Development of genital organ,3.36,1.672
Q9D5A9,Development of genital organ,3.36,1.672
P62754,Development of genital organ,3.36,1.672
Q8VIG3,Development of genital organ,3.36,1.672
D3YXK2,Development of genital organ,3.36,1.672
Q6NZC7,Development of genital organ,3.36,1.672
P28661,Development of genital organ,3.36,1.672
Q8R0X7,Development of genital organ,3.36,1.672
Q8BJU0,Development of genital organ,3.36,1.672
Q3TTP0,Development of genital organ,3.36,1.672
Q9JJY3,Development of genital organ,3.36,1.672
P08228,Development of genital organ,3.36,1.672
E9Q8Q8,Development of genital organ,3.36,1.672
Q8K450,Development of genital organ,3.36,1.672
Q3U6K5,Development of genital organ,3.36,1.672
Q9D9W0,Development of genital organ,3.36,1.672
Q8C9J3-4,Development of genital organ,3.36,1.672
Q9WTK7,Development of genital organ,3.36,1.672
Q00262,Development of genital organ,3.36,1.672
Q9DA32,Development of genital organ,3.36,1.672
Q8R1G1,Development of genital organ,3.36,1.672
Q9D9I4,Development of genital organ,3.36,1.672
P11985,Development of genital organ,3.36,1.672
P61407,Development of genital organ,3.36,1.672
Q9JMB1,Development of genital organ,3.36,1.672
Q61241,Development of genital organ,3.36,1.672
Q9D411,Development of genital organ,3.36,1.672
P31254,Development of genital organ,3.36,1.672
Q9Z2C8,Development of genital organ,3.36,1.672
P09470,Abnormal morphology of gonad,3.24,
Q9R0H0,Abnormal morphology of gonad,3.24,
P23578,Abnormal morphology of gonad,3.24,
Q9QUJ7,Abnormal morphology of gonad,3.24,
Q60662,Abnormal morphology of gonad,3.24,
P28352,Abnormal morphology of gonad,3.24,
Q99PT1,Abnormal morphology of gonad,3.24,
Q8R5M8,Abnormal morphology of gonad,3.24,
P08414,Abnormal morphology of gonad,3.24,
E9Q9F6,Abnormal morphology of gonad,3.24,
Q9WU84,Abnormal morphology of gonad,3.24,
P58019,Abnormal morphology of gonad,3.24,
P40240,Abnormal morphology of gonad,3.24,
Q04735,Abnormal morphology of gonad,3.24,
P41209,Abnormal morphology of gonad,3.24,
Q0VFX2,Abnormal morphology of gonad,3.24,
P26361,Abnormal morphology of gonad,3.24,
Q9D5U8,Abnormal morphology of gonad,3.24,
Q5SU73,Abnormal morphology of gonad,3.24,
O54833,Abnormal morphology of gonad,3.24,
Q3TCH7,Abnormal morphology of gonad,3.24,
A2A432,Abnormal morphology of gonad,3.24,
P63037,Abnormal morphology of gonad,3.24,
Q9WVK4,Abnormal morphology of gonad,3.24,
Q9Z0R9,Abnormal morphology of gonad,3.24,
Q9WTX7,Abnormal morphology of gonad,3.24,
P30416,Abnormal morphology of gonad,3.24,
P70419,Abnormal morphology of gonad,3.24,
Q60928,Abnormal morphology of gonad,3.24,
P98192,Abnormal morphology of gonad,3.24,
Q07133,Abnormal morphology of gonad,3.24,
Q9Z0R0,Abnormal morphology of gonad,3.24,
P29416,Abnormal morphology of gonad,3.24,
P20060,Abnormal morphology of gonad,3.24,
P51660,Abnormal morphology of gonad,3.24,
P07901,Abnormal morphology of gonad,3.24,
Q61316,Abnormal morphology of gonad,3.24,
Q99P31,Abnormal morphology of gonad,3.24,
P42859,Abnormal morphology of gonad,3.24,
Q6PD10,Abnormal morphology of gonad,3.24,
P11881,Abnormal morphology of gonad,3.24,
Q9D5V2,Abnormal morphology of gonad,3.24,
P02468,Abnormal morphology of gonad,3.24,
Q61792,Abnormal morphology of gonad,3.24,
P54310,Abnormal morphology of gonad,3.24,
P48678,Abnormal morphology of gonad,3.24,
A2ARV4,Abnormal morphology of gonad,3.24,
Q91VH6,Abnormal morphology of gonad,3.24,
P21956,Abnormal morphology of gonad,3.24,
Q921V5,Abnormal morphology of gonad,3.24,
Q61884,Abnormal morphology of gonad,3.24,
Q80WJ7,Abnormal morphology of gonad,3.24,
Q99MH5,Abnormal morphology of gonad,3.24,
Q61999,Abnormal morphology of gonad,3.24,
Q5QNQ6,Abnormal morphology of gonad,3.24,
O35386,Abnormal morphology of gonad,3.24,
Q9JMB7,Abnormal morphology of gonad,3.24,
P63087-2,Abnormal morphology of gonad,3.24,
P20108,Abnormal morphology of gonad,3.24,
Q9JHJ7,Abnormal morphology of gonad,3.24,
Q61207,Abnormal morphology of gonad,3.24,
Q5SSW2,Abnormal morphology of gonad,3.24,
Q05769,Abnormal morphology of gonad,3.24,
P54728,Abnormal morphology of gonad,3.24,
Q3V0F0,Abnormal morphology of gonad,3.24,
Q8VIG3,Abnormal morphology of gonad,3.24,
Q6NZC7,Abnormal morphology of gonad,3.24,
P28661,Abnormal morphology of gonad,3.24,
P15265,Abnormal morphology of gonad,3.24,
Q9JJY3,Abnormal morphology of gonad,3.24,
P08228,Abnormal morphology of gonad,3.24,
Q8K450,Abnormal morphology of gonad,3.24,
Q9D5A0,Abnormal morphology of gonad,3.24,
Q62261,Abnormal morphology of gonad,3.24,
O55183,Abnormal morphology of gonad,3.24,
Q9D666,Abnormal morphology of gonad,3.24,
Q93092,Abnormal morphology of gonad,3.24,
Q8R1G1,Abnormal morphology of gonad,3.24,
P11985,Abnormal morphology of gonad,3.24,
P61407,Abnormal morphology of gonad,3.24,
Q9JMB1,Abnormal morphology of gonad,3.24,
Q9D411,Abnormal morphology of gonad,3.24,
O88623,Abnormal morphology of gonad,3.24,
Q5H8C4,Abnormal morphology of gonad,3.24,
Q9Z2C8,Abnormal morphology of gonad,3.24,
P58742,Adhesion of germ cells,3.18,0.707
Q3V140,Adhesion of germ cells,3.18,0.707
P50428,Adhesion of germ cells,3.18,0.707
Q9WV27,Adhesion of germ cells,3.18,0.707
Q91ZR5,Adhesion of germ cells,3.18,0.707
A2ARP9,Adhesion of germ cells,3.18,0.707
P40240,Adhesion of germ cells,3.18,0.707
P52194,Adhesion of germ cells,3.18,0.707
P09055,Adhesion of germ cells,3.18,0.707
Q9D5V2,Adhesion of germ cells,3.18,0.707
Q9D925,Adhesion of germ cells,3.18,0.707
P27046,Adhesion of germ cells,3.18,0.707
Q9JLI3,Adhesion of germ cells,3.18,0.707
P29121,Adhesion of germ cells,3.18,0.707
Q60963,Adhesion of germ cells,3.18,0.707
Q3V0F0,Adhesion of germ cells,3.18,0.707
P10852,Adhesion of germ cells,3.18,0.707
Q9D5A0,Adhesion of germ cells,3.18,0.707
Q9D411,Adhesion of germ cells,3.18,0.707
Q5SWU9,Morphology of genital organ,3.11,
P09470,Morphology of genital organ,3.11,
Q9CQR4,Morphology of genital organ,3.11,
Q9R0H0,Morphology of genital organ,3.11,
P23578,Morphology of genital organ,3.11,
Q9QUJ7,Morphology of genital organ,3.11,
Q9WTQ5,Morphology of genital organ,3.11,
Q60662,Morphology of genital organ,3.11,
P28352,Morphology of genital organ,3.11,
P08226,Morphology of genital organ,3.11,
Q99PT1,Morphology of genital organ,3.11,
P50428,Morphology of genital organ,3.11,
O08734,Morphology of genital organ,3.11,
O35855,Morphology of genital organ,3.11,
Q8R5M8,Morphology of genital organ,3.11,
P08414,Morphology of genital organ,3.11,
E9Q9F6,Morphology of genital organ,3.11,
Q9WU84,Morphology of genital organ,3.11,
P58019,Morphology of genital organ,3.11,
P40240,Morphology of genital organ,3.11,
Q04735,Morphology of genital organ,3.11,
P41209,Morphology of genital organ,3.11,
Q0VFX2,Morphology of genital organ,3.11,
P26361,Morphology of genital organ,3.11,
Q9D5U8,Morphology of genital organ,3.11,
Q5SU73,Morphology of genital organ,3.11,
O88587,Morphology of genital organ,3.11,
O54833,Morphology of genital organ,3.11,
Q02248,Morphology of genital organ,3.11,
Q3TCH7,Morphology of genital organ,3.11,
A2A432,Morphology of genital organ,3.11,
Q811D0,Morphology of genital organ,3.11,
P63037,Morphology of genital organ,3.11,
Q9WVK4,Morphology of genital organ,3.11,
P70372,Morphology of genital organ,3.11,
Q8CGC7,Morphology of genital organ,3.11,
Q9Z0R9,Morphology of genital organ,3.11,
Q9WTX7,Morphology of genital organ,3.11,
P30416,Morphology of genital organ,3.11,
P70419,Morphology of genital organ,3.11,
Q60928,Morphology of genital organ,3.11,
P26443,Morphology of genital organ,3.11,
P63094,Morphology of genital organ,3.11,
P98192,Morphology of genital organ,3.11,
Q9DCM2,Morphology of genital organ,3.11,
Q07133,Morphology of genital organ,3.11,
Q9Z0R0,Morphology of genital organ,3.11,
P29416,Morphology of genital organ,3.11,
P20060,Morphology of genital organ,3.11,
P51660,Morphology of genital organ,3.11,
P07901,Morphology of genital organ,3.11,
P17156,Morphology of genital organ,3.11,
Q61316,Morphology of genital organ,3.11,
Q99P31,Morphology of genital organ,3.11,
P42859,Morphology of genital organ,3.11,
Q6PD10,Morphology of genital organ,3.11,
P11881,Morphology of genital organ,3.11,
Q9D5V2,Morphology of genital organ,3.11,
P02468,Morphology of genital organ,3.11,
Q61792,Morphology of genital organ,3.11,
P54310,Morphology of genital organ,3.11,
P48678,Morphology of genital organ,3.11,
A2ARV4,Morphology of genital organ,3.11,
Q91VH6,Morphology of genital organ,3.11,
P21956,Morphology of genital organ,3.11,
Q921V5,Morphology of genital organ,3.11,
Q61884,Morphology of genital organ,3.11,
Q80WJ7,Morphology of genital organ,3.11,
Q99MH5,Morphology of genital organ,3.11,
Q11011,Morphology of genital organ,3.11,
Q61999,Morphology of genital organ,3.11,
Q5QNQ6,Morphology of genital organ,3.11,
O35129,Morphology of genital organ,3.11,
O35386,Morphology of genital organ,3.11,
Q9JMB7,Morphology of genital organ,3.11,
P63087-2,Morphology of genital organ,3.11,
P20108,Morphology of genital organ,3.11,
O08807,Morphology of genital organ,3.11,
Q9JHJ7,Morphology of genital organ,3.11,
Q61207,Morphology of genital organ,3.11,
Q5SSW2,Morphology of genital organ,3.11,
Q9Z1X2,Morphology of genital organ,3.11,
Q05769,Morphology of genital organ,3.11,
P35821,Morphology of genital organ,3.11,
P54728,Morphology of genital organ,3.11,
Q3V0F0,Morphology of genital organ,3.11,
Q8VIG3,Morphology of genital organ,3.11,
D3YXK2,Morphology of genital organ,3.11,
Q6NZC7,Morphology of genital organ,3.11,
P28661,Morphology of genital organ,3.11,
Q07235,Morphology of genital organ,3.11,
Q8BJU0,Morphology of genital organ,3.11,
Q9WV38,Morphology of genital organ,3.11,
P15265,Morphology of genital organ,3.11,
Q9JJY3,Morphology of genital organ,3.11,
P08228,Morphology of genital organ,3.11,
Q8K450,Morphology of genital organ,3.11,
Q9JLI7,Morphology of genital organ,3.11,
Q9D9W0,Morphology of genital organ,3.11,
Q9D5A0,Morphology of genital organ,3.11,
Q62261,Morphology of genital organ,3.11,
O55183,Morphology of genital organ,3.11,
Q9WTK7,Morphology of genital organ,3.11,
Q9D666,Morphology of genital organ,3.11,
Q93092,Morphology of genital organ,3.11,
Q8R1G1,Morphology of genital organ,3.11,
P11985,Morphology of genital organ,3.11,
P61407,Morphology of genital organ,3.11,
Q9JMB1,Morphology of genital organ,3.11,
P40142,Morphology of genital organ,3.11,
Q9D411,Morphology of genital organ,3.11,
Q9JKB1,Morphology of genital organ,3.11,
O88623,Morphology of genital organ,3.11,
Q5H8C4,Morphology of genital organ,3.11,
Q91V09,Morphology of genital organ,3.11,
Q99J09,Morphology of genital organ,3.11,
Q9Z2C8,Morphology of genital organ,3.11,
Q8BR70,Morphology of genital organ,3.11,
Q60662,Abnormal morphology of mitochondrial sheath,3.06,
Q61884,Abnormal morphology of mitochondrial sheath,3.06,
Q61999,Abnormal morphology of mitochondrial sheath,3.06,
Q5QNQ6,Abnormal morphology of mitochondrial sheath,3.06,
P63087-2,Abnormal morphology of mitochondrial sheath,3.06,
P28661,Abnormal morphology of mitochondrial sheath,3.06,
Q93092,Abnormal morphology of mitochondrial sheath,3.06,
Q5H8C4,Abnormal morphology of mitochondrial sheath,3.06,
P58742,Binding of ova,3.01,0.52
P09470,Binding of ova,3.01,0.52
Q3V140,Binding of ova,3.01,0.52
P50428,Binding of ova,3.01,0.52
Q9WV27,Binding of ova,3.01,0.52
Q91ZR5,Binding of ova,3.01,0.52
A2ARP9,Binding of ova,3.01,0.52
P40240,Binding of ova,3.01,0.52
Q9D5V2,Binding of ova,3.01,0.52
Q9D925,Binding of ova,3.01,0.52
P21956,Binding of ova,3.01,0.52
Q9JLI3,Binding of ova,3.01,0.52
P29121,Binding of ova,3.01,0.52
Q3V0F0,Binding of ova,3.01,0.52
P10852,Binding of ova,3.01,0.52
Q9D5A0,Binding of ova,3.01,0.52
Q9D411,Binding of ova,3.01,0.52
P23578,Acrosome reaction,2.76,
Q6UQ17,Acrosome reaction,2.76,
Q9D9V2,Acrosome reaction,2.76,
O88958,Acrosome reaction,2.76,
Q61999,Acrosome reaction,2.76,
P29121,Acrosome reaction,2.76,
Q9QXX3,Acrosome reaction,2.76,
Q9JHJ7,Acrosome reaction,2.76,
P15265,Acrosome reaction,2.76,
Q9D5A0,Acrosome reaction,2.76,
Q00262,Acrosome reaction,2.76,
Q93092,Acrosome reaction,2.76,
P09470,Abnormal morphology of genital organ,2.71,
Q9R0H0,Abnormal morphology of genital organ,2.71,
P23578,Abnormal morphology of genital organ,2.71,
Q9QUJ7,Abnormal morphology of genital organ,2.71,
Q9WTQ5,Abnormal morphology of genital organ,2.71,
Q60662,Abnormal morphology of genital organ,2.71,
P28352,Abnormal morphology of genital organ,2.71,
Q99PT1,Abnormal morphology of genital organ,2.71,
O08734,Abnormal morphology of genital organ,2.71,
Q8R5M8,Abnormal morphology of genital organ,2.71,
P08414,Abnormal morphology of genital organ,2.71,
E9Q9F6,Abnormal morphology of genital organ,2.71,
Q9WU84,Abnormal morphology of genital organ,2.71,
P58019,Abnormal morphology of genital organ,2.71,
P40240,Abnormal morphology of genital organ,2.71,
Q04735,Abnormal morphology of genital organ,2.71,
P41209,Abnormal morphology of genital organ,2.71,
Q0VFX2,Abnormal morphology of genital organ,2.71,
P26361,Abnormal morphology of genital organ,2.71,
Q9D5U8,Abnormal morphology of genital organ,2.71,
Q5SU73,Abnormal morphology of genital organ,2.71,
O88587,Abnormal morphology of genital organ,2.71,
O54833,Abnormal morphology of genital organ,2.71,
Q3TCH7,Abnormal morphology of genital organ,2.71,
A2A432,Abnormal morphology of genital organ,2.71,
Q811D0,Abnormal morphology of genital organ,2.71,
P63037,Abnormal morphology of genital organ,2.71,
Q9WVK4,Abnormal morphology of genital organ,2.71,
P70372,Abnormal morphology of genital organ,2.71,
Q9Z0R9,Abnormal morphology of genital organ,2.71,
Q9WTX7,Abnormal morphology of genital organ,2.71,
P30416,Abnormal morphology of genital organ,2.71,
P70419,Abnormal morphology of genital organ,2.71,
Q60928,Abnormal morphology of genital organ,2.71,
P98192,Abnormal morphology of genital organ,2.71,
Q07133,Abnormal morphology of genital organ,2.71,
Q9Z0R0,Abnormal morphology of genital organ,2.71,
P29416,Abnormal morphology of genital organ,2.71,
P20060,Abnormal morphology of genital organ,2.71,
P51660,Abnormal morphology of genital organ,2.71,
P07901,Abnormal morphology of genital organ,2.71,
Q61316,Abnormal morphology of genital organ,2.71,
Q99P31,Abnormal morphology of genital organ,2.71,
P42859,Abnormal morphology of genital organ,2.71,
Q6PD10,Abnormal morphology of genital organ,2.71,
P11881,Abnormal morphology of genital organ,2.71,
Q9D5V2,Abnormal morphology of genital organ,2.71,
P02468,Abnormal morphology of genital organ,2.71,
Q61792,Abnormal morphology of genital organ,2.71,
P54310,Abnormal morphology of genital organ,2.71,
P48678,Abnormal morphology of genital organ,2.71,
A2ARV4,Abnormal morphology of genital organ,2.71,
Q91VH6,Abnormal morphology of genital organ,2.71,
P21956,Abnormal morphology of genital organ,2.71,
Q921V5,Abnormal morphology of genital organ,2.71,
Q61884,Abnormal morphology of genital organ,2.71,
Q80WJ7,Abnormal morphology of genital organ,2.71,
Q99MH5,Abnormal morphology of genital organ,2.71,
Q61999,Abnormal morphology of genital organ,2.71,
Q5QNQ6,Abnormal morphology of genital organ,2.71,
O35129,Abnormal morphology of genital organ,2.71,
O35386,Abnormal morphology of genital organ,2.71,
Q9JMB7,Abnormal morphology of genital organ,2.71,
P63087-2,Abnormal morphology of genital organ,2.71,
P20108,Abnormal morphology of genital organ,2.71,
Q9JHJ7,Abnormal morphology of genital organ,2.71,
Q61207,Abnormal morphology of genital organ,2.71,
Q5SSW2,Abnormal morphology of genital organ,2.71,
Q05769,Abnormal morphology of genital organ,2.71,
P54728,Abnormal morphology of genital organ,2.71,
Q3V0F0,Abnormal morphology of genital organ,2.71,
Q8VIG3,Abnormal morphology of genital organ,2.71,
D3YXK2,Abnormal morphology of genital organ,2.71,
Q6NZC7,Abnormal morphology of genital organ,2.71,
P28661,Abnormal morphology of genital organ,2.71,
Q07235,Abnormal morphology of genital organ,2.71,
Q8BJU0,Abnormal morphology of genital organ,2.71,
P15265,Abnormal morphology of genital organ,2.71,
Q9JJY3,Abnormal morphology of genital organ,2.71,
P08228,Abnormal morphology of genital organ,2.71,
Q8K450,Abnormal morphology of genital organ,2.71,
Q9D5A0,Abnormal morphology of genital organ,2.71,
Q62261,Abnormal morphology of genital organ,2.71,
O55183,Abnormal morphology of genital organ,2.71,
Q9D666,Abnormal morphology of genital organ,2.71,
Q93092,Abnormal morphology of genital organ,2.71,
Q8R1G1,Abnormal morphology of genital organ,2.71,
P11985,Abnormal morphology of genital organ,2.71,
P61407,Abnormal morphology of genital organ,2.71,
Q9JMB1,Abnormal morphology of genital organ,2.71,
Q9D411,Abnormal morphology of genital organ,2.71,
O88623,Abnormal morphology of genital organ,2.71,
Q5H8C4,Abnormal morphology of genital organ,2.71,
Q9Z2C8,Abnormal morphology of genital organ,2.71,
P23578,Penetration of zona pellucida,2.71,
Q9QZL9,Penetration of zona pellucida,2.71,
P20060,Penetration of zona pellucida,2.71,
P15265,Penetration of zona pellucida,2.71,
Q812F3,Penetration of zona pellucida,2.71,
P09470,Fertility,2.7,-1.225
P23578,Fertility,2.7,-1.225
Q3V140,Fertility,2.7,-1.225
Q9QUJ7,Fertility,2.7,-1.225
Q9WTQ5,Fertility,2.7,-1.225
Q75UR0,Fertility,2.7,-1.225
P08030,Fertility,2.7,-1.225
Q5FWK3,Fertility,2.7,-1.225
Q99PT1,Fertility,2.7,-1.225
Q8BSY0,Fertility,2.7,-1.225
Q6UQ17,Fertility,2.7,-1.225
Q8R5M8,Fertility,2.7,-1.225
P08414,Fertility,2.7,-1.225
Q80W99,Fertility,2.7,-1.225
Q8BVN3,Fertility,2.7,-1.225
Q9WU84,Fertility,2.7,-1.225
P40240,Fertility,2.7,-1.225
P26361,Fertility,2.7,-1.225
Q8BJ64,Fertility,2.7,-1.225
P52194,Fertility,2.7,-1.225
Q9D5U8,Fertility,2.7,-1.225
Q3TCH7,Fertility,2.7,-1.225
A2A432,Fertility,2.7,-1.225
P63037,Fertility,2.7,-1.225
Q9D9V2,Fertility,2.7,-1.225
Q9Z0R9,Fertility,2.7,-1.225
Q9WTX7,Fertility,2.7,-1.225
P30416,Fertility,2.7,-1.225
Q8BTM8,Fertility,2.7,-1.225
Q6NSQ9,Fertility,2.7,-1.225
Q60928,Fertility,2.7,-1.225
P21278,Fertility,2.7,-1.225
P21765,Fertility,2.7,-1.225
P10922,Fertility,2.7,-1.225
Q07133,Fertility,2.7,-1.225
P43275,Fertility,2.7,-1.225
P51660,Fertility,2.7,-1.225
P07901,Fertility,2.7,-1.225
P48722,Fertility,2.7,-1.225
P09055,Fertility,2.7,-1.225
P11679,Fertility,2.7,-1.225
Q61292,Fertility,2.7,-1.225
P54310,Fertility,2.7,-1.225
P27046,Fertility,2.7,-1.225
P21956,Fertility,2.7,-1.225
Q921V5,Fertility,2.7,-1.225
Q9JLI3,Fertility,2.7,-1.225
Q99J99,Fertility,2.7,-1.225
Q9DAK2,Fertility,2.7,-1.225
P29121,Fertility,2.7,-1.225
Q9DAN1,Fertility,2.7,-1.225
Q9QXY9,Fertility,2.7,-1.225
P09041,Fertility,2.7,-1.225
Q9QXX3,Fertility,2.7,-1.225
P47713,Fertility,2.7,-1.225
P06869,Fertility,2.7,-1.225
P05132,Fertility,2.7,-1.225
Q9DBC7,Fertility,2.7,-1.225
Q99JF8,Fertility,2.7,-1.225
Q5SSW2,Fertility,2.7,-1.225
Q9Z1X2,Fertility,2.7,-1.225
Q05769,Fertility,2.7,-1.225
P54728,Fertility,2.7,-1.225
P62835,Fertility,2.7,-1.225
Q8VIG3,Fertility,2.7,-1.225
D3YXK2,Fertility,2.7,-1.225
Q6NZC7,Fertility,2.7,-1.225
Q07235,Fertility,2.7,-1.225
Q8BJU0,Fertility,2.7,-1.225
O35316,Fertility,2.7,-1.225
P15265,Fertility,2.7,-1.225
P08228,Fertility,2.7,-1.225
O55183,Fertility,2.7,-1.225
Q9Z1W9,Fertility,2.7,-1.225
Q8CFG0,Fertility,2.7,-1.225
P09925,Fertility,2.7,-1.225
Q93092,Fertility,2.7,-1.225
P40142,Fertility,2.7,-1.225
Q9D411,Fertility,2.7,-1.225
O88623,Fertility,2.7,-1.225
P58742,Fertilization of germ cells,2.65,0.816
Q3V140,Fertilization of germ cells,2.65,0.816
P50428,Fertilization of germ cells,2.65,0.816
Q9WV27,Fertilization of germ cells,2.65,0.816
Q91ZR5,Fertilization of germ cells,2.65,0.816
A2ARP9,Fertilization of germ cells,2.65,0.816
P40240,Fertilization of germ cells,2.65,0.816
Q9D5V2,Fertilization of germ cells,2.65,0.816
Q9D925,Fertilization of germ cells,2.65,0.816
Q9JLI3,Fertilization of germ cells,2.65,0.816
P29121,Fertilization of germ cells,2.65,0.816
Q60963,Fertilization of germ cells,2.65,0.816
Q3V0F0,Fertilization of germ cells,2.65,0.816
P10852,Fertilization of germ cells,2.65,0.816
Q9D5A0,Fertilization of germ cells,2.65,0.816
Q9D411,Fertilization of germ cells,2.65,0.816
Q8C0T9,Teratozoospermia,2.61,-2.056
Q9WV27,Teratozoospermia,2.61,-2.056
Q8R5M8,Teratozoospermia,2.61,-2.056
P08414,Teratozoospermia,2.61,-2.056
Q80W99,Teratozoospermia,2.61,-2.056
Q8BVN3,Teratozoospermia,2.61,-2.056
E9Q9F6,Teratozoospermia,2.61,-2.056
P41209,Teratozoospermia,2.61,-2.056
O54833,Teratozoospermia,2.61,-2.056
Q9WTX7,Teratozoospermia,2.61,-2.056
P70419,Teratozoospermia,2.61,-2.056
Q5QNQ6,Teratozoospermia,2.61,-2.056
P63087-2,Teratozoospermia,2.61,-2.056
Q9JHJ7,Teratozoospermia,2.61,-2.056
Q5SSW2,Teratozoospermia,2.61,-2.056
Q6NZC7,Teratozoospermia,2.61,-2.056
P28661,Teratozoospermia,2.61,-2.056
Q8K450,Teratozoospermia,2.61,-2.056
P58742,Fertilization of ova,2.52,1
Q3V140,Fertilization of ova,2.52,1
P50428,Fertilization of ova,2.52,1
Q9WV27,Fertilization of ova,2.52,1
Q91ZR5,Fertilization of ova,2.52,1
A2ARP9,Fertilization of ova,2.52,1
P40240,Fertilization of ova,2.52,1
Q9D5V2,Fertilization of ova,2.52,1
Q9D925,Fertilization of ova,2.52,1
Q9JLI3,Fertilization of ova,2.52,1
P29121,Fertilization of ova,2.52,1
Q3V0F0,Fertilization of ova,2.52,1
P10852,Fertilization of ova,2.52,1
Q9D5A0,Fertilization of ova,2.52,1
Q9D411,Fertilization of ova,2.52,1
Q8R5M8,Mobility of sperm,2.45,1.342
Q91ZR5,Mobility of sperm,2.45,1.342
Q80W99,Mobility of sperm,2.45,1.342
Q8BVN3,Mobility of sperm,2.45,1.342
P58019,Mobility of sperm,2.45,1.342
Q99PT1,Azoospermia or oligozoospermia,2.3,-0.509
Q8R5M8,Azoospermia or oligozoospermia,2.3,-0.509
P08414,Azoospermia or oligozoospermia,2.3,-0.509
E9Q9F6,Azoospermia or oligozoospermia,2.3,-0.509
P58019,Azoospermia or oligozoospermia,2.3,-0.509
P41209,Azoospermia or oligozoospermia,2.3,-0.509
Q9D5U8,Azoospermia or oligozoospermia,2.3,-0.509
O54833,Azoospermia or oligozoospermia,2.3,-0.509
Q3TCH7,Azoospermia or oligozoospermia,2.3,-0.509
P63037,Azoospermia or oligozoospermia,2.3,-0.509
Q9WVK4,Azoospermia or oligozoospermia,2.3,-0.509
P70372,Azoospermia or oligozoospermia,2.3,-0.509
Q9D9V2,Azoospermia or oligozoospermia,2.3,-0.509
Q9Z0R9,Azoospermia or oligozoospermia,2.3,-0.509
Q9WTX7,Azoospermia or oligozoospermia,2.3,-0.509
P30416,Azoospermia or oligozoospermia,2.3,-0.509
P70419,Azoospermia or oligozoospermia,2.3,-0.509
Q60928,Azoospermia or oligozoospermia,2.3,-0.509
P98192,Azoospermia or oligozoospermia,2.3,-0.509
P07901,Azoospermia or oligozoospermia,2.3,-0.509
Q61316,Azoospermia or oligozoospermia,2.3,-0.509
P48722,Azoospermia or oligozoospermia,2.3,-0.509
Q99P31,Azoospermia or oligozoospermia,2.3,-0.509
Q6PD10,Azoospermia or oligozoospermia,2.3,-0.509
P54310,Azoospermia or oligozoospermia,2.3,-0.509
P48678,Azoospermia or oligozoospermia,2.3,-0.509
Q921V5,Azoospermia or oligozoospermia,2.3,-0.509
Q61884,Azoospermia or oligozoospermia,2.3,-0.509
Q99MH5,Azoospermia or oligozoospermia,2.3,-0.509
Q61999,Azoospermia or oligozoospermia,2.3,-0.509
Q5QNQ6,Azoospermia or oligozoospermia,2.3,-0.509
P63087-2,Azoospermia or oligozoospermia,2.3,-0.509
O08807,Azoospermia or oligozoospermia,2.3,-0.509
Q9JHJ7,Azoospermia or oligozoospermia,2.3,-0.509
P34022,Azoospermia or oligozoospermia,2.3,-0.509
Q3V0F0,Azoospermia or oligozoospermia,2.3,-0.509
Q8VIG3,Azoospermia or oligozoospermia,2.3,-0.509
D3YXK2,Azoospermia or oligozoospermia,2.3,-0.509
Q8K450,Azoospermia or oligozoospermia,2.3,-0.509
Q9D666,Azoospermia or oligozoospermia,2.3,-0.509
Q8R1G1,Azoospermia or oligozoospermia,2.3,-0.509
P11985,Azoospermia or oligozoospermia,2.3,-0.509
P61407,Azoospermia or oligozoospermia,2.3,-0.509
Q9Z2C8,Azoospermia or oligozoospermia,2.3,-0.509
Q60662,Abnormal morphology of principal piece of spermatozoon,2.29,
P63087-2,Abnormal morphology of principal piece of spermatozoon,2.29,
P28661,Abnormal morphology of principal piece of spermatozoon,2.29,
Q9D411,Abnormal morphology of principal piece of spermatozoon,2.29,
P42859,Loss of male germ cells,2.29,
Q91VH6,Loss of male germ cells,2.29,
Q80WJ7,Loss of male germ cells,2.29,
O35386,Loss of male germ cells,2.29,
Q8R5M8,Arrest in spermatogenesis,2.22,
P08414,Arrest in spermatogenesis,2.22,
Q9WVK4,Arrest in spermatogenesis,2.22,
Q9Z0R9,Arrest in spermatogenesis,2.22,
P17156,Arrest in spermatogenesis,2.22,
Q99P31,Arrest in spermatogenesis,2.22,
Q9D5V2,Arrest in spermatogenesis,2.22,
Q99MH5,Arrest in spermatogenesis,2.22,
Q9JMB7,Arrest in spermatogenesis,2.22,
P63087-2,Arrest in spermatogenesis,2.22,
P54728,Arrest in spermatogenesis,2.22,
D3YXK2,Arrest in spermatogenesis,2.22,
Q8K450,Arrest in spermatogenesis,2.22,
Q8R1G1,Arrest in spermatogenesis,2.22,
P11985,Arrest in spermatogenesis,2.22,
P61407,Arrest in spermatogenesis,2.22,
Q9Z2C8,Arrest in spermatogenesis,2.22,
Q99PT1,Oligozoospermia,2.19,-0.923
Q8R5M8,Oligozoospermia,2.19,-0.923
P08414,Oligozoospermia,2.19,-0.923
E9Q9F6,Oligozoospermia,2.19,-0.923
P58019,Oligozoospermia,2.19,-0.923
P41209,Oligozoospermia,2.19,-0.923
O54833,Oligozoospermia,2.19,-0.923
Q3TCH7,Oligozoospermia,2.19,-0.923
P63037,Oligozoospermia,2.19,-0.923
Q9D9V2,Oligozoospermia,2.19,-0.923
Q9WTX7,Oligozoospermia,2.19,-0.923
P30416,Oligozoospermia,2.19,-0.923
P70419,Oligozoospermia,2.19,-0.923
Q60928,Oligozoospermia,2.19,-0.923
Q61316,Oligozoospermia,2.19,-0.923
P48722,Oligozoospermia,2.19,-0.923
P54310,Oligozoospermia,2.19,-0.923
Q61884,Oligozoospermia,2.19,-0.923
Q61999,Oligozoospermia,2.19,-0.923
Q5QNQ6,Oligozoospermia,2.19,-0.923
P63087-2,Oligozoospermia,2.19,-0.923
O08807,Oligozoospermia,2.19,-0.923
Q9JHJ7,Oligozoospermia,2.19,-0.923
Q3V0F0,Oligozoospermia,2.19,-0.923
Q8VIG3,Oligozoospermia,2.19,-0.923
Q8K450,Oligozoospermia,2.19,-0.923
P11985,Oligozoospermia,2.19,-0.923
Q8C0T9,Hairpin sperm flagellum,2.05,
Q9WTX7,Hairpin sperm flagellum,2.05,
P30416,Hairpin sperm flagellum,2.05,
Q9JHJ7,Hairpin sperm flagellum,2.05,
P28661,Hairpin sperm flagellum,2.05,
Q8R5M8,Arrest in spermiogenesis,1.88,
Q9WVK4,Arrest in spermiogenesis,1.88,
Q9Z0R9,Arrest in spermiogenesis,1.88,
P63087-2,Arrest in spermiogenesis,1.88,
Q8R1G1,Arrest in spermiogenesis,1.88,
Q8R5M8,Degeneration of spermatids,1.85,
Q9D5V2,Degeneration of spermatids,1.85,
P00920,Beat of sperm,1.85,
Q64444,Beat of sperm,1.85,
Q8R5M8,Translocation of male germ cells,1.85,
P27046,Translocation of male germ cells,1.85,
Q8R5M8,Quantity of sperm,1.78,-0.117
P58019,Quantity of sperm,1.78,-0.117
Q04735,Quantity of sperm,1.78,-0.117
Q9Z0R9,Quantity of sperm,1.78,-0.117
Q9WTX7,Quantity of sperm,1.78,-0.117
P70419,Quantity of sperm,1.78,-0.117
P50543,Quantity of sperm,1.78,-0.117
P54310,Quantity of sperm,1.78,-0.117
P62835,Quantity of sperm,1.78,-0.117
Q8VIG3,Quantity of sperm,1.78,-0.117
Q9JLI7,Quantity of sperm,1.78,-0.117
Q9WTK7,Quantity of sperm,1.78,-0.117
Q9Z2C8,Quantity of sperm,1.78,-0.117
O88738,Abnormal morphology of small placenta,1.74,
Q8C7V8,Abnormal morphology of small placenta,1.74,
A2A432,Abnormal morphology of small placenta,1.74,
Q62167,Abnormal morphology of small placenta,1.74,
P70372,Abnormal morphology of small placenta,1.74,
Q00612,Abnormal morphology of small placenta,1.74,
Q02257,Abnormal morphology of small placenta,1.74,
Q8CHP8,Abnormal morphology of small placenta,1.74,
Q9WTK7,Abnormal morphology of small placenta,1.74,
P50428,Adhesion of male germ cells,1.73,0.447
Q9WV27,Adhesion of male germ cells,1.73,0.447
P52194,Adhesion of male germ cells,1.73,0.447
P27046,Adhesion of male germ cells,1.73,0.447
Q60963,Adhesion of male germ cells,1.73,0.447
Q8R5M8,Quantity of male germ cells,1.64,0.082
P08414,Quantity of male germ cells,1.64,0.082
P58019,Quantity of male germ cells,1.64,0.082
Q04735,Quantity of male germ cells,1.64,0.082
Q0VFX2,Quantity of male germ cells,1.64,0.082
Q9Z0R9,Quantity of male germ cells,1.64,0.082
Q9WTX7,Quantity of male germ cells,1.64,0.082
P70419,Quantity of male germ cells,1.64,0.082
P50543,Quantity of male germ cells,1.64,0.082
Q99P31,Quantity of male germ cells,1.64,0.082
Q9D892,Quantity of male germ cells,1.64,0.082
Q9D5V2,Quantity of male germ cells,1.64,0.082
P54310,Quantity of male germ cells,1.64,0.082
P63087-2,Quantity of male germ cells,1.64,0.082
Q61207,Quantity of male germ cells,1.64,0.082
P62835,Quantity of male germ cells,1.64,0.082
Q8VIG3,Quantity of male germ cells,1.64,0.082
D3YXK2,Quantity of male germ cells,1.64,0.082
Q8K450,Quantity of male germ cells,1.64,0.082
Q9JLI7,Quantity of male germ cells,1.64,0.082
Q9WTK7,Quantity of male germ cells,1.64,0.082
Q9D666,Quantity of male germ cells,1.64,0.082
Q9Z2C8,Quantity of male germ cells,1.64,0.082
Q3V140,Formation of acrosome,1.53,
Q3TVA9,Formation of acrosome,1.53,
O54833,Formation of acrosome,1.53,
Q9D9V2,Formation of acrosome,1.53,
Q9WTX7,Formation of acrosome,1.53,
Q3V0F0,Formation of acrosome,1.53,
Q6NZC7,Formation of acrosome,1.53,
Q9D9I4,Formation of acrosome,1.53,
P09470,Sterility,1.52,-0.853
Q9WV27,Sterility,1.52,-0.853
P70372,Sterility,1.52,-0.853
Q9Z0R9,Sterility,1.52,-0.853
Q99P31,Sterility,1.52,-0.853
P42859,Sterility,1.52,-0.853
Q6PD10,Sterility,1.52,-0.853
Q9JMB7,Sterility,1.52,-0.853
Q9D9W0,Sterility,1.52,-0.853
Q00262,Sterility,1.52,-0.853